Workbook

Sheet Ficha
B1: FICHA DEL PROYECTO
B2: Llena solo las celdas verdes. * = obligatorio. Un archivo por proyecto.
B3: Dato | C3: Valor | D3: Indicación
B4: Código de obra * | C4: OP-26-020 | D4: Obligatorio y único por obra · Ej.: OP-26-014
B5: Cliente * | C5: Tambo | D5: Elige de la lista
B6: Tienda / sede * | C6: Samame Surco | D6: Ej.: Lince
B7: Departamento * | C7: Lima | D7: Elige de la lista
B8: Jefe de proyecto * | C8: Carlos G. | D8: Elige de la lista (o escribe uno nuevo)
B9: Coordinador * | C9: Abel Narvaez | D9: Elige de la lista (o escribe uno nuevo)
B10: Estado * | C10: En ejecución | D10: Próximo proyecto, En ejecución, Post venta, Culminado, Suspendida o Cancelada
B11: Fecha de inicio * | C11: 46288 | D11: dd/mm/aaaa · si la dejas vacía se toma de las partidas
B12: Fecha de fin * | C12: 46321 | D12: dd/mm/aaaa · máximo 10 semanas desde el inicio
B13: % avance general (0 a 100) | D13: Solo si NO llenas la hoja Partidas
B14: Comentario | D14: Opcional · se ve en la pantalla en vivo
B15: Encargado de actualizar | C15: Carlos G. | D15: Nombre de quien actualiza este archivo
B16: Fecha de actualización | C16: 46314 | D16: dd/mm/aaaa
B18: Post venta (llenar al entregar la obra)
B19: Fecha de entrega real | D19: dd/mm/aaaa · día en que se entregó la obra (inicia la post venta)
B20: Fecha de cierre de post venta | D20: dd/mm/aaaa · vacía mientras siga abierta (la post venta no tiene plazo fijo)
B21: Observaciones de post venta | D21: Pendientes o levantamientos
B24: Resumen (cálculo automático)
B25: Plazo según partidas | C25: =IF(COUNT(Partidas!E6:E305)=0,"",TEXT(MIN(Partidas!E6:E305),"dd/mm/yyyy")&" – "&TEXT(MAX(Partidas!F6:F305),"dd/mm/yyyy")) -> 23/09/2026 – 26/10/2026
B26: Avance real calculado (%) | C26: =IF(SUM(Partidas!BC6:BC305)=0,IF(C13="","",C13),ROUNDDOWN(ROUND(SUMPRODUCT(Partidas!BC6:BC305,Partidas!AI6:AI305)/SUM(Partidas!BC6:BC305),6),0)) -> 79
B27: Programado al cierre de la semana anterior (%) | C27: =IF(OR(C10="Post venta",C10="Culminado"),100,IF(OR(C10="Suspendida",C10="Cancelada"),C26,IF(Reprogramaciones!$X$15="","",ROUNDDOWN(ROUND(Reprogramaciones!$X$15,6),0)))) -> 79
B28: Situación de ejecución | C28: =IF(C10="Suspendida","Suspendida",IF(C10="Cancelada","Cancelada",IF(AND(C10="En ejecución",SUMPRODUCT((Reprogramaciones!$H$5:$H$14="OK")*(Reprogramaciones!$C$5:$C$14<=TODAY())*(Reprogramaciones!$C$5:$C$14+Reprogramaciones!$D$5:$D$14>TODAY()))>0),"En pausa",IF(OR(C10="Post venta",C10="Culminado"),"Entregada",IF(OR(C26="",C27=""),"",IF(C26>=100,"Por entregar",IF(AND(N(Partidas!$J$2)>TODAY(),N(Reprogramaciones!$V$15)=0),"Por iniciar",IF(Reprogramaciones!$V$15+0.5<Reprogramaciones!$X$15,"Retrasada",IF(Reprogramaciones!$Y$15,"En riesgo",IF(Reprogramaciones!$V$15+0.5<Reprogramaciones!$W$15,IF(Reprogramaciones!$K$15>0,"Al día · Sem "&Reprogramaciones!$K$15&" en curso","Al día · en curso"),"A tiempo")))))))))) -> Al día · Sem 5 en curso
B29: Inicio de post venta | C29: =IF(OR(C10="Post venta",C10="Culminado"),IF(C19<>"",C19,IF(C12<>"",C12,"")),"") | D29: =IF(C29="","",IF(C20<>"",C20,TODAY())-C29&" días en post venta")
B30: Situación de post venta | C30: =IF(C29="","",IF(C20<>"","Cerrada en "&(C20-C29)&" días","En curso · "&(TODAY()-C29)&" días"))
B31: Revisión de la ficha | C31: =IF(COUNTA(C5:C10)=0,"Sin llenar",IF(C4="","Falta el código de obra",IF(C5="","Falta el cliente",IF(C6="","Falta la tienda",IF(C7="","Falta el departamento",IF(C8="","Falta el jefe",IF(C9="","Falta el coordinador",IF(C10="","Falta el estado",IF(AND(C11="",COUNT(Partidas!E6:E305)=0),"Falta la fecha de inicio",IF(AND(C12="",COUNT(Partidas!F6:F305)=0),"Falta la fecha de fin",IF(AND(C11<>"",C12<>"",C12<C11),"El fin es anterior al inicio",IF(AND(C10="Post venta",C19=""),"Falta la fecha de entrega real",IF(AND(C19<>"",C20<>"",C20<C19),"El cierre es anterior a la entrega",IF(AND(C11<>"",C12<>"",C12-C11>69),"La obra supera 10 semanas",IF(Reprogramaciones!$E$23<>"OK","Revisar Reprogramaciones",IF(AND(OR(C10="Post venta",C10="Culminado"),ISNUMBER(C26),N(C26)<100),"Entregada sin el 100% de avance",IF(AND(C19<>"",OR(C10="En ejecución",C10="Próximo proyecto")),"Tiene fecha de entrega: cambia el estado a Post venta",IF(AND(ISNUMBER(C16),C16>TODAY()),"La fecha de actualización es posterior a hoy",IF(COUNTIF(Partidas!$AL$6:$AL$305,"Avance después del fin*")>0,"Hay avance después del fin de la obra: registra una reprogramación por atraso (causa Interno)","OK"))))))))))))))))))) -> OK
B32: Adicionales | C32: =IF(COUNTIFS(Partidas!CZ6:CZ305,"Adicional",Partidas!BC6:BC305,">0")=0,"Sin adicionales",COUNTIFS(Partidas!CZ6:CZ305,"Adicional",Partidas!BC6:BC305,">0")&" subpartida"&IF(COUNTIFS(Partidas!CZ6:CZ305,"Adicional",Partidas!BC6:BC305,">0")=1,"","s")&" · "&ROUND(SUMPRODUCT(--(Partidas!CZ6:CZ305="Adicional"),Partidas!BC6:BC305,Partidas!AI6:AI305)/SUMPRODUCT(--(Partidas!CZ6:CZ305="Adicional"),Partidas!BC6:BC305),0)&"% de avance · "&ROUND(SUMPRODUCT(--(Partidas!CZ6:CZ305="Adicional"),Partidas!BC6:BC305)/SUM(Partidas!BC6:BC305)*100,0)&"% del trabajo") -> Sin adicionales
B33: Reprogramación | C33: =Reprogramaciones!$E$22 -> Sin reprogramación | D33: Se registra en la hoja Reprogramaciones
B35: Equipo del proyecto
B36: Residente de obra | C36: Melany Antuanett Huarhua Lagos | D36: Elige de la lista (o escribe uno nuevo)
B37: Responsable de presupuesto | C37: Lucía Ramos | D37: Elige de la lista (o escribe uno nuevo)
B38: Responsable de procura | C38: Rosa Quispe | D38: Elige de la lista (o escribe uno nuevo)

Sheet Partidas
A1: PARTIDAS, METAS Y AVANCE SEMANAL | AM1: Azul = programado sin reporte · Verde = al día · Ámbar = semana en curso, aún bajo la meta · Rojo = semana cerrada sin cumplir la meta · «Pend.» = venció sin llegar a 100% · Lila = semana en pausa por reprogramación | DC1: =Reprogramaciones!K$8 -> 46286 | DD1: =Reprogramaciones!L$8 -> 46293 | DE1: =Reprogramaciones!M$8 -> 46300 | DF1: =Reprogramaciones!N$8 -> 46307 | DG1: =Reprogramaciones!O$8 -> 46314 | DH1: =Reprogramaciones!P$8 -> 46321 | DI1: =Reprogramaciones!Q$8 -> 46328 | DJ1: =Reprogramaciones!R$8 -> 46335 | ... DR1: =Reprogramaciones!Z$8 -> 46391 | DS1: =Reprogramaciones!$K$15 -> 5
A2: =IF(Ficha!C5="","(llena la ficha)",Ficha!C4&" "&Ficha!C5&" "&Ficha!C6) -> OP-26-020 Tambo Samame Surco | G2: Inicio de la obra: | J2: =IF(Ficha!C11<>"",Ficha!C11,IF(COUNT(E6:E305)=0,"",MIN(E6:E305))) -> 46288 | M2: Semana en curso: | P2: =IF($J$2="","",Reprogramaciones!$K$15) -> 5 | Q2: =IF(COUNTIF($AL$6:$AL$305,"Avance después del fin*")=0,"","⚠ Hay avance registrado después del fin de la obra ("&TEXT(Reprogramaciones!$E$21,"dd/mm/yyyy")&"). Registra una reprogramación por atraso en la hoja Reprogramaciones (causa: Interno).") | AM2: Reprogramación: | AO2: =Reprogramaciones!$E$22 -> Sin reprogramación | DC2: =Reprogramaciones!K$9 -> 46292 | DD2: =Reprogramaciones!L$9 -> 46299 | DE2: =Reprogramaciones!M$9 -> 46306 | DF2: =Reprogramaciones!N$9 -> 46313 | DG2: =Reprogramaciones!O$9 -> 46320 | DH2: =Reprogramaciones!P$9 -> 46327 | DI2: =Reprogramaciones!Q$9 -> 46334 | DJ2: =Reprogramaciones!R$9 -> 46341 | ... DR2: =Reprogramaciones!Z$9 -> 46397 | DS2: =Reprogramaciones!$U$15 -> 6
A3: Beige = jefe / presupuesto: partidas, fechas y META de cada semana (% de la subpartida que se espera lograr; viene calculada con los días laborables, de lunes a sábado, y se puede reemplazar; debe sumar 100). Tipo: Adicional para trabajos fuera del contrato. Verde = coordinador: lo AVANZADO en cada semana (lunes a domingo; se reporta el sábado). Gris = automático. Las semanas son de lunes a domingo y la Sem 1 es la semana en que empieza la obra. Si la obra se reprograma, NO se cambian estas fechas: se registra en la hoja Reprogramaciones y el plan se corre solo. | G3: META: % ESPERADO EN LA SEMANA | Q3: AVANCE REAL DE LA SEMANA (%) | AM3: CRONOGRAMA: PACTADO / REAL ACUMULADO | DC3: =Reprogramaciones!K$12 -> 0 | DD3: =Reprogramaciones!L$12 -> 0 | DE3: =Reprogramaciones!M$12 -> 0 | DF3: =Reprogramaciones!N$12 -> 0 | DG3: =Reprogramaciones!O$12 -> 0 | DH3: =Reprogramaciones!P$12 -> 0 | DI3: =Reprogramaciones!Q$12 -> 0 | DJ3: =Reprogramaciones!R$12 -> 0 | ... DR3: =Reprogramaciones!Z$12 -> 0 | DS3: =Reprogramaciones!$E$21 -> 46321
G4: =IF($J$2="","",TEXT(Reprogramaciones!K$8,"dd/mm")&CHAR(10)&TEXT(Reprogramaciones!K$9,"dd/mm")) -> 21/09 27/09 | H4: =IF($J$2="","",TEXT(Reprogramaciones!L$8,"dd/mm")&CHAR(10)&TEXT(Reprogramaciones!L$9,"dd/mm")) -> 28/09 04/10 | I4: =IF($J$2="","",TEXT(Reprogramaciones!M$8,"dd/mm")&CHAR(10)&TEXT(Reprogramaciones!M$9,"dd/mm")) -> 05/10 11/10 | J4: =IF($J$2="","",TEXT(Reprogramaciones!N$8,"dd/mm")&CHAR(10)&TEXT(Reprogramaciones!N$9,"dd/mm")) -> 12/10 18/10 | K4: =IF($J$2="","",TEXT(Reprogramaciones!O$8,"dd/mm")&CHAR(10)&TEXT(Reprogramaciones!O$9,"dd/mm")) -> 19/10 25/10 | L4: =IF($J$2="","",TEXT(Reprogramaciones!P$8,"dd/mm")&CHAR(10)&TEXT(Reprogramaciones!P$9,"dd/mm")) -> 26/10 01/11 | M4: =IF($J$2="","",TEXT(Reprogramaciones!Q$8,"dd/mm")&CHAR(10)&TEXT(Reprogramaciones!Q$9,"dd/mm")) -> 02/11 08/11 | N4: =IF($J$2="","",TEXT(Reprogramaciones!R$8,"dd/mm")&CHAR(10)&TEXT(Reprogramaciones!R$9,"dd/mm")) -> 09/11 15/11 | ... P4: =IF($J$2="","",TEXT(Reprogramaciones!T$8,"dd/mm")&CHAR(10)&TEXT(Reprogramaciones!T$9,"dd/mm")) -> 23/11 29/11 | Q4: =IF(OR($J$2="",AND(1>10,1>Reprogramaciones!$U$15)),"",TEXT(Reprogramaciones!K$8,"dd/mm")&CHAR(10)&TEXT(Reprogramaciones!K$9,"dd/mm")) -> 21/09 27/09 | R4: =IF(OR($J$2="",AND(2>10,2>Reprogramaciones!$U$15)),"",TEXT(Reprogramaciones!L$8,"dd/mm")&CHAR(10)&TEXT(Reprogramaciones!L$9,"dd/mm")) -> 28/09 04/10 | S4: =IF(OR($J$2="",AND(3>10,3>Reprogramaciones!$U$15)),"",TEXT(Reprogramaciones!M$8,"dd/mm")&CHAR(10)&TEXT(Reprogramaciones!M$9,"dd/mm")) -> 05/10 11/10 | T4: =IF(OR($J$2="",AND(4>10,4>Reprogramaciones!$U$15)),"",TEXT(Reprogramaciones!N$8,"dd/mm")&CHAR(10)&TEXT(Reprogramaciones!N$9,"dd/mm")) -> 12/10 18/10 | U4: =IF(OR($J$2="",AND(5>10,5>Reprogramaciones!$U$15)),"",TEXT(Reprogramaciones!O$8,"dd/mm")&CHAR(10)&TEXT(Reprogramaciones!O$9,"dd/mm")) -> 19/10 25/10 | V4: =IF(OR($J$2="",AND(6>10,6>Reprogramaciones!$U$15)),"",TEXT(Reprogramaciones!P$8,"dd/mm")&CHAR(10)&TEXT(Reprogramaciones!P$9,"dd/mm")) -> 26/10 01/11 | W4: =IF(OR($J$2="",AND(7>10,7>Reprogramaciones!$U$15)),"",TEXT(Reprogramaciones!Q$8,"dd/mm")&CHAR(10)&TEXT(Reprogramaciones!Q$9,"dd/mm")) -> 02/11 08/11 | X4: =IF(OR($J$2="",AND(8>10,8>Reprogramaciones!$U$15)),"",TEXT(Reprogramaciones!R$8,"dd/mm")&CHAR(10)&TEXT(Reprogramaciones!R$9,"dd/mm")) -> 09/11 15/11 | Y4: =IF(OR($J$2="",AND(9>10,9>Reprogramaciones!$U$15)),"",TEXT(Reprogramaciones!S$8,"dd/mm")&CHAR(10)&TEXT(Reprogramaciones!S$9,"dd/mm")) -> 16/11 22/11 | Z4: =IF(OR($J$2="",AND(10>10,10>Reprogramaciones!$U$15)),"",TEXT(Reprogramaciones!T$8,"dd/mm")&CHAR(10)&TEXT(Reprogramaciones!T$9,"dd/mm")) -> 23/11 29/11 | AA4: =IF(OR($J$2="",AND(11>10,11>Reprogramaciones!$U$15)),"",TEXT(Reprogramaciones!U$8,"dd/mm")&CHAR(10)&TEXT(Reprogramaciones!U$9,"dd/mm")) | AB4: =IF(OR($J$2="",AND(12>10,12>Reprogramaciones!$U$15)),"",TEXT(Reprogramaciones!V$8,"dd/mm")&CHAR(10)&TEXT(Reprogramaciones!V$9,"dd/mm")) | AC4: =IF(OR($J$2="",AND(13>10,13>Reprogramaciones!$U$15)),"",TEXT(Reprogramaciones!W$8,"dd/mm")&CHAR(10)&TEXT(Reprogramaciones!W$9,"dd/mm")) | AD4: =IF(OR($J$2="",AND(14>10,14>Reprogramaciones!$U$15)),"",TEXT(Reprogramaciones!X$8,"dd/mm")&CHAR(10)&TEXT(Reprogramaciones!X$9,"dd/mm")) | AE4: =IF(OR($J$2="",AND(15>10,15>Reprogramaciones!$U$15)),"",TEXT(Reprogramaciones!Y$8,"dd/mm")&CHAR(10)&TEXT(Reprogramaciones!Y$9,"dd/mm")) | AF4: =IF(OR($J$2="",AND(16>10,16>Reprogramaciones!$U$15)),"",TEXT(Reprogramaciones!Z$8,"dd/mm")&CHAR(10)&TEXT(Reprogramaciones!Z$9,"dd/mm")) | AM4: =IF(OR($J$2="",1>MAX(1,Reprogramaciones!$U$15)),"",TEXT(Reprogramaciones!K$8,"dd/mm")&CHAR(10)&TEXT(Reprogramaciones!K$9,"dd/mm")) -> 21/09 27/09 | AN4: =IF(OR($J$2="",2>MAX(1,Reprogramaciones!$U$15)),"",TEXT(Reprogramaciones!L$8,"dd/mm")&CHAR(10)&TEXT(Reprogramaciones!L$9,"dd/mm")) -> 28/09 04/10 | AO4: =IF(OR($J$2="",3>MAX(1,Reprogramaciones!$U$15)),"",TEXT(Reprogramaciones!M$8,"dd/mm")&CHAR(10)&TEXT(Reprogramaciones!M$9,"dd/mm")) -> 05/10 11/10 | AP4: =IF(OR($J$2="",4>MAX(1,Reprogramaciones!$U$15)),"",TEXT(Reprogramaciones!N$8,"dd/mm")&CHAR(10)&TEXT(Reprogramaciones!N$9,"dd/mm")) -> 12/10 18/10 | AQ4: =IF(OR($J$2="",5>MAX(1,Reprogramaciones!$U$15)),"",TEXT(Reprogramaciones!O$8,"dd/mm")&CHAR(10)&TEXT(Reprogramaciones!O$9,"dd/mm")) -> 19/10 25/10 | AR4: =IF(OR($J$2="",6>MAX(1,Reprogramaciones!$U$15)),"",TEXT(Reprogramaciones!P$8,"dd/mm")&CHAR(10)&TEXT(Reprogramaciones!P$9,"dd/mm")) -> 26/10 01/11 | AS4: =IF(OR($J$2="",7>MAX(1,Reprogramaciones!$U$15)),"",TEXT(Reprogramaciones!Q$8,"dd/mm")&CHAR(10)&TEXT(Reprogramaciones!Q$9,"dd/mm")) | AT4: =IF(OR($J$2="",8>MAX(1,Reprogramaciones!$U$15)),"",TEXT(Reprogramaciones!R$8,"dd/mm")&CHAR(10)&TEXT(Reprogramaciones!R$9,"dd/mm")) | AU4: =IF(OR($J$2="",9>MAX(1,Reprogramaciones!$U$15)),"",TEXT(Reprogramaciones!S$8,"dd/mm")&CHAR(10)&TEXT(Reprogramaciones!S$9,"dd/mm")) | AV4: =IF(OR($J$2="",10>MAX(1,Reprogramaciones!$U$15)),"",TEXT(Reprogramaciones!T$8,"dd/mm")&CHAR(10)&TEXT(Reprogramaciones!T$9,"dd/mm")) | AW4: =IF(OR($J$2="",11>MAX(1,Reprogramaciones!$U$15)),"",TEXT(Reprogramaciones!U$8,"dd/mm")&CHAR(10)&TEXT(Reprogramaciones!U$9,"dd/mm")) | AX4: =IF(OR($J$2="",12>MAX(1,Reprogramaciones!$U$15)),"",TEXT(Reprogramaciones!V$8,"dd/mm")&CHAR(10)&TEXT(Reprogramaciones!V$9,"dd/mm")) | AY4: =IF(OR($J$2="",13>MAX(1,Reprogramaciones!$U$15)),"",TEXT(Reprogramaciones!W$8,"dd/mm")&CHAR(10)&TEXT(Reprogramaciones!W$9,"dd/mm")) | AZ4: =IF(OR($J$2="",14>MAX(1,Reprogramaciones!$U$15)),"",TEXT(Reprogramaciones!X$8,"dd/mm")&CHAR(10)&TEXT(Reprogramaciones!X$9,"dd/mm")) | BA4: =IF(OR($J$2="",15>MAX(1,Reprogramaciones!$U$15)),"",TEXT(Reprogramaciones!Y$8,"dd/mm")&CHAR(10)&TEXT(Reprogramaciones!Y$9,"dd/mm")) | BB4: =IF(OR($J$2="",16>MAX(1,Reprogramaciones!$U$15)),"",TEXT(Reprogramaciones!Z$8,"dd/mm")&CHAR(10)&TEXT(Reprogramaciones!Z$9,"dd/mm"))
A5: Ítem | B5: Partida | C5: Subpartida | D5: Tipo | E5: Inicio prog. | F5: Fin prog. | G5: Meta sem 1 | H5: Meta sem 2 | I5: Meta sem 3 | J5: Meta sem 4 | K5: Meta sem 5 | L5: Meta sem 6 | M5: Meta sem 7 | N5: Meta sem 8 | O5: Meta sem 9 | P5: Meta sem 10 | Q5: Avance sem 1 | R5: Avance sem 2 | S5: Avance sem 3 | T5: Avance sem 4 | U5: Avance sem 5 | V5: Avance sem 6 | W5: Avance sem 7 | X5: Avance sem 8 | Y5: Avance sem 9 | Z5: Avance sem 10 | AA5: =IF(OR($J$2="",11>Reprogramaciones!$U$15),"","Avance sem 11") | AB5: =IF(OR($J$2="",12>Reprogramaciones!$U$15),"","Avance sem 12") | AC5: =IF(OR($J$2="",13>Reprogramaciones!$U$15),"","Avance sem 13") | AD5: =IF(OR($J$2="",14>Reprogramaciones!$U$15),"","Avance sem 14") | AE5: =IF(OR($J$2="",15>Reprogramaciones!$U$15),"","Avance sem 15") | AF5: =IF(OR($J$2="",16>Reprogramaciones!$U$15),"","Avance sem 16") | AG5: Días lab. | AH5: % programado (cierre de la semana anterior) | AI5: % real acumulado | AJ5: Desviación (pp) | AK5: Situación | AL5: Revisión | AM5: =IF(OR($J$2="",1>MAX(1,Reprogramaciones!$U$15)),"","Sem 1") -> Sem 1 | AN5: =IF(OR($J$2="",2>MAX(1,Reprogramaciones!$U$15)),"","Sem 2") -> Sem 2 | AO5: =IF(OR($J$2="",3>MAX(1,Reprogramaciones!$U$15)),"","Sem 3") -> Sem 3 | AP5: =IF(OR($J$2="",4>MAX(1,Reprogramaciones!$U$15)),"","Sem 4") -> Sem 4 | AQ5: =IF(OR($J$2="",5>MAX(1,Reprogramaciones!$U$15)),"","Sem 5") -> Sem 5 | AR5: =IF(OR($J$2="",6>MAX(1,Reprogramaciones!$U$15)),"","Sem 6") -> Sem 6 | AS5: =IF(OR($J$2="",7>MAX(1,Reprogramaciones!$U$15)),"","Sem 7") | AT5: =IF(OR($J$2="",8>MAX(1,Reprogramaciones!$U$15)),"","Sem 8") | AU5: =IF(OR($J$2="",9>MAX(1,Reprogramaciones!$U$15)),"","Sem 9") | AV5: =IF(OR($J$2="",10>MAX(1,Reprogramaciones!$U$15)),"","Sem 10") | AW5: =IF(OR($J$2="",11>MAX(1,Reprogramaciones!$U$15)),"","Sem 11") | AX5: =IF(OR($J$2="",12>MAX(1,Reprogramaciones!$U$15)),"","Sem 12") | AY5: =IF(OR($J$2="",13>MAX(1,Reprogramaciones!$U$15)),"","Sem 13") | AZ5: =IF(OR($J$2="",14>MAX(1,Reprogramaciones!$U$15)),"","Sem 14") | BA5: =IF(OR($J$2="",15>MAX(1,Reprogramaciones!$U$15)),"","Sem 15") | BB5: =IF(OR($J$2="",16>MAX(1,Reprogramaciones!$U$15)),"","Sem 16") | BC5: Peso | BD5: Pactado original acum. sem 1 | BE5: Pactado original acum. sem 2 | BF5: Pactado original acum. sem 3 | BG5: Pactado original acum. sem 4 | BH5: Pactado original acum. sem 5 | BI5: Pactado original acum. sem 6 | BJ5: Pactado original acum. sem 7 | BK5: Pactado original acum. sem 8 | BL5: Pactado original acum. sem 9 | BM5: Pactado original acum. sem 10 | BN5: Pactado original acum. sem 11 | BO5: Pactado original acum. sem 12 | BP5: Pactado original acum. sem 13 | BQ5: Pactado original acum. sem 14 | BR5: Pactado original acum. sem 15 | BS5: Pactado original acum. sem 16 | BT5: Pactado control acum. sem 1 | BU5: Pactado control acum. sem 2 | BV5: Pactado control acum. sem 3 | BW5: Pactado control acum. sem 4 | BX5: Pactado control acum. sem 5 | BY5: Pactado control acum. sem 6 | BZ5: Pactado control acum. sem 7 | CA5: Pactado control acum. sem 8 | CB5: Pactado control acum. sem 9 | CC5: Pactado control acum. sem 10 | CD5: Pactado control acum. sem 11 | CE5: Pactado control acum. sem 12 | CF5: Pactado control acum. sem 13 | CG5: Pactado control acum. sem 14 | CH5: Pactado control acum. sem 15 | CI5: Pactado control acum. sem 16 | CJ5: Real acum. sem 1 | CK5: Real acum. sem 2 | CL5: Real acum. sem 3 | CM5: Real acum. sem 4 | CN5: Real acum. sem 5 | CO5: Real acum. sem 6 | CP5: Real acum. sem 7 | CQ5: Real acum. sem 8 | CR5: Real acum. sem 9 | CS5: Real acum. sem 10 | CT5: Real acum. sem 11 | CU5: Real acum. sem 12 | CV5: Real acum. sem 13 | CW5: Real acum. sem 14 | CX5: Real acum. sem 15 | CY5: Real acum. sem 16 | CZ5: Tipo efectivo | DA5: Pactado semanas cerradas
A6: 01 | B6: Obras preliminares | G6: =IF(OR(NOT(AND(ISNUMBER(E6),ISNUMBER(F6))),$J$2=""),"",IF(Reprogramaciones!K$9<E6,0,IF(NETWORKDAYS.INTL(E6,F6,11)=0,IF(Reprogramaciones!K$9>=F6,100,0),ROUND(NETWORKDAYS.INTL(E6,MIN(F6,Reprogramaciones!K$9),11)/NETWORKDAYS.INTL(E6,F6,11)*100,1)))-0) | H6: =IF(OR(NOT(AND(ISNUMBER(E6),ISNUMBER(F6))),$J$2=""),"",IF(Reprogramaciones!L$9<E6,0,IF(NETWORKDAYS.INTL(E6,F6,11)=0,IF(Reprogramaciones!L$9>=F6,100,0),ROUND(NETWORKDAYS.INTL(E6,MIN(F6,Reprogramaciones!L$9),11)/NETWORKDAYS.INTL(E6,F6,11)*100,1)))-IF(Reprogramaciones!K$9<E6,0,IF(NETWORKDAYS.INTL(E6,F6,11)=0,IF(Reprogramaciones!K$9>=F6,100,0),ROUND(NETWORKDAYS.INTL(E6,MIN(F6,Reprogramaciones!K$9),11)/NETWORKDAYS.INTL(E6,F6,11)*100,1)))) | I6: =IF(OR(NOT(AND(ISNUMBER(E6),ISNUMBER(F6))),$J$2=""),"",IF(Reprogramaciones!M$9<E6,0,IF(NETWORKDAYS.INTL(E6,F6,11)=0,IF(Reprogramaciones!M$9>=F6,100,0),ROUND(NETWORKDAYS.INTL(E6,MIN(F6,Reprogramaciones!M$9),11)/NETWORKDAYS.INTL(E6,F6,11)*100,1)))-IF(Reprogramaciones!L$9<E6,0,IF(NETWORKDAYS.INTL(E6,F6,11)=0,IF(Reprogramaciones!L$9>=F6,100,0),ROUND(NETWORKDAYS.INTL(E6,MIN(F6,Reprogramaciones!L$9),11)/NETWORKDAYS.INTL(E6,F6,11)*100,1)))) | J6: =IF(OR(NOT(AND(ISNUMBER(E6),ISNUMBER(F6))),$J$2=""),"",IF(Reprogramaciones!N$9<E6,0,IF(NETWORKDAYS.INTL(E6,F6,11)=0,IF(Reprogramaciones!N$9>=F6,100,0),ROUND(NETWORKDAYS.INTL(E6,MIN(F6,Reprogramaciones!N$9),11)/NETWORKDAYS.INTL(E6,F6,11)*100,1)))-IF(Reprogramaciones!M$9<E6,0,IF(NETWORKDAYS.INTL(E6,F6,11)=0,IF(Reprogramaciones!M$9>=F6,100,0),ROUND(NETWORKDAYS.INTL(E6,MIN(F6,Reprogramaciones!M$9),11)/NETWORKDAYS.INTL(E6,F6,11)*100,1)))) | K6: =IF(OR(NOT(AND(ISNUMBER(E6),ISNUMBER(F6))),$J$2=""),"",IF(Reprogramaciones!O$9<E6,0,IF(NETWORKDAYS.INTL(E6,F6,11)=0,IF(Reprogramaciones!O$9>=F6,100,0),ROUND(NETWORKDAYS.INTL(E6,MIN(F6,Reprogramaciones!O$9),11)/NETWORKDAYS.INTL(E6,F6,11)*100,1)))-IF(Reprogramaciones!N$9<E6,0,IF(NETWORKDAYS.INTL(E6,F6,11)=0,IF(Reprogramaciones!N$9>=F6,100,0),ROUND(NETWORKDAYS.INTL(E6,MIN(F6,Reprogramaciones!N$9),11)/NETWORKDAYS.INTL(E6,F6,11)*100,1)))) | L6: =IF(OR(NOT(AND(ISNUMBER(E6),ISNUMBER(F6))),$J$2=""),"",IF(Reprogramaciones!P$9<E6,0,IF(NETWORKDAYS.INTL(E6,F6,11)=0,IF(Reprogramaciones!P$9>=F6,100,0),ROUND(NETWORKDAYS.INTL(E6,MIN(F6,Reprogramaciones!P$9),11)/NETWORKDAYS.INTL(E6,F6,11)*100,1)))-IF(Reprogramaciones!O$9<E6,0,IF(NETWORKDAYS.INTL(E6,F6,11)=0,IF(Reprogramaciones!O$9>=F6,100,0),ROUND(NETWORKDAYS.INTL(E6,MIN(F6,Reprogramaciones!O$9),11)/NETWORKDAYS.INTL(E6,F6,11)*100,1)))) | M6: =IF(OR(NOT(AND(ISNUMBER(E6),ISNUMBER(F6))),$J$2=""),"",IF(Reprogramaciones!Q$9<E6,0,IF(NETWORKDAYS.INTL(E6,F6,11)=0,IF(Reprogramaciones!Q$9>=F6,100,0),ROUND(NETWORKDAYS.INTL(E6,MIN(F6,Reprogramaciones!Q$9),11)/NETWORKDAYS.INTL(E6,F6,11)*100,1)))-IF(Reprogramaciones!P$9<E6,0,IF(NETWORKDAYS.INTL(E6,F6,11)=0,IF(Reprogramaciones!P$9>=F6,100,0),ROUND(NETWORKDAYS.INTL(E6,MIN(F6,Reprogramaciones!P$9),11)/NETWORKDAYS.INTL(E6,F6,11)*100,1)))) | N6: =IF(OR(NOT(AND(ISNUMBER(E6),ISNUMBER(F6))),$J$2=""),"",IF(Reprogramaciones!R$9<E6,0,IF(NETWORKDAYS.INTL(E6,F6,11)=0,IF(Reprogramaciones!R$9>=F6,100,0),ROUND(NETWORKDAYS.INTL(E6,MIN(F6,Reprogramaciones!R$9),11)/NETWORKDAYS.INTL(E6,F6,11)*100,1)))-IF(Reprogramaciones!Q$9<E6,0,IF(NETWORKDAYS.INTL(E6,F6,11)=0,IF(Reprogramaciones!Q$9>=F6,100,0),ROUND(NETWORKDAYS.INTL(E6,MIN(F6,Reprogramaciones!Q$9),11)/NETWORKDAYS.INTL(E6,F6,11)*100,1)))) | O6: =IF(OR(NOT(AND(ISNUMBER(E6),ISNUMBER(F6))),$J$2=""),"",IF(Reprogramaciones!S$9<E6,0,IF(NETWORKDAYS.INTL(E6,F6,11)=0,IF(Reprogramaciones!S$9>=F6,100,0),ROUND(NETWORKDAYS.INTL(E6,MIN(F6,Reprogramaciones!S$9),11)/NETWORKDAYS.INTL(E6,F6,11)*100,1)))-IF(Reprogramaciones!R$9<E6,0,IF(NETWORKDAYS.INTL(E6,F6,11)=0,IF(Reprogramaciones!R$9>=F6,100,0),ROUND(NETWORKDAYS.INTL(E6,MIN(F6,Reprogramaciones!R$9),11)/NETWORKDAYS.INTL(E6,F6,11)*100,1)))) | P6: =IF(OR(NOT(AND(ISNUMBER(E6),ISNUMBER(F6))),$J$2=""),"",IF(Reprogramaciones!T$9<E6,0,IF(NETWORKDAYS.INTL(E6,F6,11)=0,IF(Reprogramaciones!T$9>=F6,100,0),ROUND(NETWORKDAYS.INTL(E6,MIN(F6,Reprogramaciones!T$9),11)/NETWORKDAYS.INTL(E6,F6,11)*100,1)))-IF(Reprogramaciones!S$9<E6,0,IF(NETWORKDAYS.INTL(E6,F6,11)=0,IF(Reprogramaciones!S$9>=F6,100,0),ROUND(NETWORKDAYS.INTL(E6,MIN(F6,Reprogramaciones!S$9),11)/NETWORKDAYS.INTL(E6,F6,11)*100,1)))) | AG6: =IF(AND(ISNUMBER(E6),ISNUMBER(F6)),NETWORKDAYS.INTL(E6,F6,11),"") | AH6: =IF(OR(NOT(AND(ISNUMBER(E6),ISNUMBER(F6))),$J$2=""),"",IF(Reprogramaciones!$P$15<Reprogramaciones!$T$15,0,IF(Reprogramaciones!$R$15>10,MIN(100,SUM($G6:$P6)),MIN(100,SUMPRODUCT((COLUMN($G6:$P6)-COLUMN($G6)+1<Reprogramaciones!$R$15)*$G6:$P6)+N(INDEX($G6:$P6,1,Reprogramaciones!$R$15))*IF(Reprogramaciones!$P$15>=(Reprogramaciones!$T$15+7*(Reprogramaciones!$R$15-1))+6,1,IF(MAX(0,NETWORKDAYS.INTL(MAX(E6,(Reprogramaciones!$T$15+7*(Reprogramaciones!$R$15-1))),MIN(F6,(Reprogramaciones!$T$15+7*(Reprogramaciones!$R$15-1))+6),11))=0,0,MAX(0,NETWORKDAYS.INTL(MAX(E6,(Reprogramaciones!$T$15+7*(Reprogramaciones!$R$15-1))),MIN(F6,Reprogramaciones!$P$15),11))/MAX(0,NETWORKDAYS.INTL(MAX(E6,(Reprogramaciones!$T$15+7*(Reprogramaciones!$R$15-1))),MIN(F6,(Reprogramaciones!$T$15+7*(Reprogramaciones!$R$15-1))+6),11)))))))) | AI6: =IF(COUNT($Q6:$AF6)=0,"",IF(ROUND(SUM($Q6:$AF6),1)>=99.5,100,MIN(100,ROUND(SUM($Q6:$AF6),1)))) | AJ6: =IF(OR(AH6="",AI6=""),"",AI6-AH6) | AK6: =IF(AH6="","",IF(OR(Ficha!$C$10="Suspendida",Ficha!$C$10="Cancelada"),Ficha!$C$10,IF(AND(AI6<>"",N(AI6)>=100),"Completada",IF(AND(E6>TODAY(),N(AI6)=0),"Por iniciar",IF(N(AI6)+0.5<AH6,"Retrasada",IF(N(AI6)+0.5<DA6,IF(Reprogramaciones!$K$15>0,"Al día · Sem "&Reprogramaciones!$K$15&" en curso","Al día · en curso"),"A tiempo")))))) | AL6: =IF(AND(A6="",AND(B6="",C6="",E6="",F6="",COUNT(Q6:AF6)=0)),"",IF(AND(B6="",C6="",E6="",F6="",COUNT(Q6:AF6)=0),"Falta la partida o subpartida",IF(AND(A6<>"",COUNTIF($A$6:$A$305,A6)>1),"Ítem repetido",IF(AND(C6="",E6="",F6="",COUNT(Q6:AF6)=0),"Título de partida",IF(OR(E6="",F6=""),"Faltan fechas",IF(OR(ISTEXT(E6),ISTEXT(F6)),"Fecha escrita como texto: usa dd/mm/aaaa",IF(F6<E6,"Fin antes del inicio",IF(IF($J$2="",FALSE(),OR(E6<$J$2,F6>Reprogramaciones!$T$15+69)),"Fuera de las 10 semanas",IF(ABS(SUM(G6:P6)-100)>0.5,"La meta no suma 100%",IF(ROUND(SUM(Q6:AF6),1)>100.5,"El avance pasa de 100%",IF(MIN(Q6:AF6)<0,"Avance negativo",IF(COUNTA(Q6:AF6)>COUNT(Q6:AF6),"Avance escrito como texto",IF(SUMPRODUCT((Q6:AF6>0)*(Q6:AF6<1))>0,"Avance menor a 1: escribe 50, no 50%",IF(SUMPRODUCT(ISNUMBER(Q6:AF6)*(Reprogramaciones!$K$8:$Z$8>TODAY()))>0,"Avance en semana que aún no llega",IF(AND(N(Reprogramaciones!$E$21)>0,F6>Reprogramaciones!$E$21),"Pasa el fin de la obra: registra una reprogramación",IF(AND(N(Reprogramaciones!$E$21)>0,SUMPRODUCT(ISNUMBER(Q6:AF6)*(Reprogramaciones!$K$8:$Z$8>Reprogramaciones!$E$21))>0),"Avance después del fin de la obra: registra una reprogramación por atraso","OK")))))))))))))))) -> Título de partida | AM6: =IF(OR(OR(NOT(AND(ISNUMBER(E6),ISNUMBER(F6))),$J$2=""),1>MAX(1,Reprogramaciones!$U$15)),"",IF(Reprogramaciones!K$12>=7,"",IF(OR(BT6-N(0)>0.05,N(Q6)>0),ROUNDDOWN(ROUND(BT6,6),0)&"%"&IF(CJ6="",""," / "&CJ6&"%"),IF(AND(N(0)>=99.95,CJ6<>"",N(CJ6)<100),"Pend. "&CJ6&"%","")))) | AN6: =IF(OR(OR(NOT(AND(ISNUMBER(E6),ISNUMBER(F6))),$J$2=""),2>MAX(1,Reprogramaciones!$U$15)),"",IF(Reprogramaciones!L$12>=7,"",IF(OR(BU6-N(BT6)>0.05,N(R6)>0),ROUNDDOWN(ROUND(BU6,6),0)&"%"&IF(CK6="",""," / "&CK6&"%"),IF(AND(N(BT6)>=99.95,CK6<>"",N(CK6)<100),"Pend. "&CK6&"%","")))) | AO6: =IF(OR(OR(NOT(AND(ISNUMBER(E6),ISNUMBER(F6))),$J$2=""),3>MAX(1,Reprogramaciones!$U$15)),"",IF(Reprogramaciones!M$12>=7,"",IF(OR(BV6-N(BU6)>0.05,N(S6)>0),ROUNDDOWN(ROUND(BV6,6),0)&"%"&IF(CL6="",""," / "&CL6&"%"),IF(AND(N(BU6)>=99.95,CL6<>"",N(CL6)<100),"Pend. "&CL6&"%","")))) | AP6: =IF(OR(OR(NOT(AND(ISNUMBER(E6),ISNUMBER(F6))),$J$2=""),4>MAX(1,Reprogramaciones!$U$15)),"",IF(Reprogramaciones!N$12>=7,"",IF(OR(BW6-N(BV6)>0.05,N(T6)>0),ROUNDDOWN(ROUND(BW6,6),0)&"%"&IF(CM6="",""," / "&CM6&"%"),IF(AND(N(BV6)>=99.95,CM6<>"",N(CM6)<100),"Pend. "&CM6&"%","")))) | AQ6: =IF(OR(OR(NOT(AND(ISNUMBER(E6),ISNUMBER(F6))),$J$2=""),5>MAX(1,Reprogramaciones!$U$15)),"",IF(Reprogramaciones!O$12>=7,"",IF(OR(BX6-N(BW6)>0.05,N(U6)>0),ROUNDDOWN(ROUND(BX6,6),0)&"%"&IF(CN6="",""," / "&CN6&"%"),IF(AND(N(BW6)>=99.95,CN6<>"",N(CN6)<100),"Pend. "&CN6&"%","")))) | AR6: =IF(OR(OR(NOT(AND(ISNUMBER(E6),ISNUMBER(F6))),$J$2=""),6>MAX(1,Reprogramaciones!$U$15)),"",IF(Reprogramaciones!P$12>=7,"",IF(OR(BY6-N(BX6)>0.05,N(V6)>0),ROUNDDOWN(ROUND(BY6,6),0)&"%"&IF(CO6="",""," / "&CO6&"%"),IF(AND(N(BX6)>=99.95,CO6<>"",N(CO6)<100),"Pend. "&CO6&"%","")))) | AS6: =IF(OR(OR(NOT(AND(ISNUMBER(E6),ISNUMBER(F6))),$J$2=""),7>MAX(1,Reprogramaciones!$U$15)),"",IF(Reprogramaciones!Q$12>=7,"",IF(OR(BZ6-N(BY6)>0.05,N(W6)>0),ROUNDDOWN(ROUND(BZ6,6),0)&"%"&IF(CP6="",""," / "&CP6&"%"),IF(AND(N(BY6)>=99.95,CP6<>"",N(CP6)<100),"Pend. "&CP6&"%","")))) | AT6: =IF(OR(OR(NOT(AND(ISNUMBER(E6),ISNUMBER(F6))),$J$2=""),8>MAX(1,Reprogramaciones!$U$15)),"",IF(Reprogramaciones!R$12>=7,"",IF(OR(CA6-N(BZ6)>0.05,N(X6)>0),ROUNDDOWN(ROUND(CA6,6),0)&"%"&IF(CQ6="",""," / "&CQ6&"%"),IF(AND(N(BZ6)>=99.95,CQ6<>"",N(CQ6)<100),"Pend. "&CQ6&"%","")))) | AU6: =IF(OR(OR(NOT(AND(ISNUMBER(E6),ISNUMBER(F6))),$J$2=""),9>MAX(1,Reprogramaciones!$U$15)),"",IF(Reprogramaciones!S$12>=7,"",IF(OR(CB6-N(CA6)>0.05,N(Y6)>0),ROUNDDOWN(ROUND(CB6,6),0)&"%"&IF(CR6="",""," / "&CR6&"%"),IF(AND(N(CA6)>=99.95,CR6<>"",N(CR6)<100),"Pend. "&CR6&"%","")))) | AV6: =IF(OR(OR(NOT(AND(ISNUMBER(E6),ISNUMBER(F6))),$J$2=""),10>MAX(1,Reprogramaciones!$U$15)),"",IF(Reprogramaciones!T$12>=7,"",IF(OR(CC6-N(CB6)>0.05,N(Z6)>0),ROUNDDOWN(ROUND(CC6,6),0)&"%"&IF(CS6="",""," / "&CS6&"%"),IF(AND(N(CB6)>=99.95,CS6<>"",N(CS6)<100),"Pend. "&CS6&"%","")))) | AW6: =IF(OR(OR(NOT(AND(ISNUMBER(E6),ISNUMBER(F6))),$J$2=""),11>MAX(1,Reprogramaciones!$U$15)),"",IF(Reprogramaciones!U$12>=7,"",IF(OR(CD6-N(CC6)>0.05,N(AA6)>0),ROUNDDOWN(ROUND(CD6,6),0)&"%"&IF(CT6="",""," / "&CT6&"%"),IF(AND(N(CC6)>=99.95,CT6<>"",N(CT6)<100),"Pend. "&CT6&"%","")))) | AX6: =IF(OR(OR(NOT(AND(ISNUMBER(E6),ISNUMBER(F6))),$J$2=""),12>MAX(1,Reprogramaciones!$U$15)),"",IF(Reprogramaciones!V$12>=7,"",IF(OR(CE6-N(CD6)>0.05,N(AB6)>0),ROUNDDOWN(ROUND(CE6,6),0)&"%"&IF(CU6="",""," / "&CU6&"%"),IF(AND(N(CD6)>=99.95,CU6<>"",N(CU6)<100),"Pend. "&CU6&"%","")))) | AY6: =IF(OR(OR(NOT(AND(ISNUMBER(E6),ISNUMBER(F6))),$J$2=""),13>MAX(1,Reprogramaciones!$U$15)),"",IF(Reprogramaciones!W$12>=7,"",IF(OR(CF6-N(CE6)>0.05,N(AC6)>0),ROUNDDOWN(ROUND(CF6,6),0)&"%"&IF(CV6="",""," / "&CV6&"%"),IF(AND(N(CE6)>=99.95,CV6<>"",N(CV6)<100),"Pend. "&CV6&"%","")))) | AZ6: =IF(OR(OR(NOT(AND(ISNUMBER(E6),ISNUMBER(F6))),$J$2=""),14>MAX(1,Reprogramaciones!$U$15)),"",IF(Reprogramaciones!X$12>=7,"",IF(OR(CG6-N(CF6)>0.05,N(AD6)>0),ROUNDDOWN(ROUND(CG6,6),0)&"%"&IF(CW6="",""," / "&CW6&"%"),IF(AND(N(CF6)>=99.95,CW6<>"",N(CW6)<100),"Pend. "&CW6&"%","")))) | BA6: =IF(OR(OR(NOT(AND(ISNUMBER(E6),ISNUMBER(F6))),$J$2=""),15>MAX(1,Reprogramaciones!$U$15)),"",IF(Reprogramaciones!Y$12>=7,"",IF(OR(CH6-N(CG6)>0.05,N(AE6)>0),ROUNDDOWN(ROUND(CH6,6),0)&"%"&IF(CX6="",""," / "&CX6&"%"),IF(AND(N(CG6)>=99.95,CX6<>"",N(CX6)<100),"Pend. "&CX6&"%","")))) | BB6: =IF(OR(OR(NOT(AND(ISNUMBER(E6),ISNUMBER(F6))),$J$2=""),16>MAX(1,Reprogramaciones!$U$15)),"",IF(Reprogramaciones!Z$12>=7,"",IF(OR(CI6-N(CH6)>0.05,N(AF6)>0),ROUNDDOWN(ROUND(CI6,6),0)&"%"&IF(CY6="",""," / "&CY6&"%"),IF(AND(N(CH6)>=99.95,CY6<>"",N(CY6)<100),"Pend. "&CY6&"%","")))) | BC6: =IF(AND(ISNUMBER(E6),ISNUMBER(F6)),MAX(1,NETWORKDAYS.INTL(E6,F6,11)),0) -> 0 | BD6: =IF(OR(NOT(AND(ISNUMBER(E6),ISNUMBER(F6))),$J$2=""),"",MIN(100,ROUND(SUM($G6:G6),1))) | BE6: =IF(OR(NOT(AND(ISNUMBER(E6),ISNUMBER(F6))),$J$2=""),"",MIN(100,ROUND(SUM($G6:H6),1))) | BF6: =IF(OR(NOT(AND(ISNUMBER(E6),ISNUMBER(F6))),$J$2=""),"",MIN(100,ROUND(SUM($G6:I6),1))) | BG6: =IF(OR(NOT(AND(ISNUMBER(E6),ISNUMBER(F6))),$J$2=""),"",MIN(100,ROUND(SUM($G6:J6),1))) | BH6: =IF(OR(NOT(AND(ISNUMBER(E6),ISNUMBER(F6))),$J$2=""),"",MIN(100,ROUND(SUM($G6:K6),1))) | BI6: =IF(OR(NOT(AND(ISNUMBER(E6),ISNUMBER(F6))),$J$2=""),"",MIN(100,ROUND(SUM($G6:L6),1))) | BJ6: =IF(OR(NOT(AND(ISNUMBER(E6),ISNUMBER(F6))),$J$2=""),"",MIN(100,ROUND(SUM($G6:M6),1))) | BK6: =IF(OR(NOT(AND(ISNUMBER(E6),ISNUMBER(F6))),$J$2=""),"",MIN(100,ROUND(SUM($G6:N6),1))) | BL6: =IF(OR(NOT(AND(ISNUMBER(E6),ISNUMBER(F6))),$J$2=""),"",MIN(100,ROUND(SUM($G6:O6),1))) | BM6: =IF(OR(NOT(AND(ISNUMBER(E6),ISNUMBER(F6))),$J$2=""),"",MIN(100,ROUND(SUM($G6:P6),1))) | BN6: =IF(OR(NOT(AND(ISNUMBER(E6),ISNUMBER(F6))),$J$2=""),"",MIN(100,ROUND(SUM($G6:P6),1))) | BO6: =IF(OR(NOT(AND(ISNUMBER(E6),ISNUMBER(F6))),$J$2=""),"",MIN(100,ROUND(SUM($G6:P6),1))) | BP6: =IF(OR(NOT(AND(ISNUMBER(E6),ISNUMBER(F6))),$J$2=""),"",MIN(100,ROUND(SUM($G6:P6),1))) | BQ6: =IF(OR(NOT(AND(ISNUMBER(E6),ISNUMBER(F6))),$J$2=""),"",MIN(100,ROUND(SUM($G6:P6),1))) | BR6: =IF(OR(NOT(AND(ISNUMBER(E6),ISNUMBER(F6))),$J$2=""),"",MIN(100,ROUND(SUM($G6:P6),1))) | BS6: =IF(OR(NOT(AND(ISNUMBER(E6),ISNUMBER(F6))),$J$2=""),"",MIN(100,ROUND(SUM($G6:P6),1))) | BT6: =IF(OR(NOT(AND(ISNUMBER(E6),ISNUMBER(F6))),$J$2=""),"",IF(Reprogramaciones!K$13<Reprogramaciones!$T$15,0,IF(Reprogramaciones!K$14>10,MIN(100,SUM($G6:$P6)),MIN(100,SUMPRODUCT((COLUMN($G6:$P6)-COLUMN($G6)+1<Reprogramaciones!K$14)*$G6:$P6)+N(INDEX($G6:$P6,1,Reprogramaciones!K$14))*IF(Reprogramaciones!K$13>=(Reprogramaciones!$T$15+7*(Reprogramaciones!K$14-1))+6,1,IF(MAX(0,NETWORKDAYS.INTL(MAX(E6,(Reprogramaciones!$T$15+7*(Reprogramaciones!K$14-1))),MIN(F6,(Reprogramaciones!$T$15+7*(Reprogramaciones!K$14-1))+6),11))=0,0,MAX(0,NETWORKDAYS.INTL(MAX(E6,(Reprogramaciones!$T$15+7*(Reprogramaciones!K$14-1))),MIN(F6,Reprogramaciones!K$13),11))/MAX(0,NETWORKDAYS.INTL(MAX(E6,(Reprogramaciones!$T$15+7*(Reprogramaciones!K$14-1))),MIN(F6,(Reprogramaciones!$T$15+7*(Reprogramaciones!K$14-1))+6),11)))))))) | BU6: =IF(OR(NOT(AND(ISNUMBER(E6),ISNUMBER(F6))),$J$2=""),"",IF(Reprogramaciones!L$13<Reprogramaciones!$T$15,0,IF(Reprogramaciones!L$14>10,MIN(100,SUM($G6:$P6)),MIN(100,SUMPRODUCT((COLUMN($G6:$P6)-COLUMN($G6)+1<Reprogramaciones!L$14)*$G6:$P6)+N(INDEX($G6:$P6,1,Reprogramaciones!L$14))*IF(Reprogramaciones!L$13>=(Reprogramaciones!$T$15+7*(Reprogramaciones!L$14-1))+6,1,IF(MAX(0,NETWORKDAYS.INTL(MAX(E6,(Reprogramaciones!$T$15+7*(Reprogramaciones!L$14-1))),MIN(F6,(Reprogramaciones!$T$15+7*(Reprogramaciones!L$14-1))+6),11))=0,0,MAX(0,NETWORKDAYS.INTL(MAX(E6,(Reprogramaciones!$T$15+7*(Reprogramaciones!L$14-1))),MIN(F6,Reprogramaciones!L$13),11))/MAX(0,NETWORKDAYS.INTL(MAX(E6,(Reprogramaciones!$T$15+7*(Reprogramaciones!L$14-1))),MIN(F6,(Reprogramaciones!$T$15+7*(Reprogramaciones!L$14-1))+6),11)))))))) | BV6: =IF(OR(NOT(AND(ISNUMBER(E6),ISNUMBER(F6))),$J$2=""),"",IF(Reprogramaciones!M$13<Reprogramaciones!$T$15,0,IF(Reprogramaciones!M$14>10,MIN(100,SUM($G6:$P6)),MIN(100,SUMPRODUCT((COLUMN($G6:$P6)-COLUMN($G6)+1<Reprogramaciones!M$14)*$G6:$P6)+N(INDEX($G6:$P6,1,Reprogramaciones!M$14))*IF(Reprogramaciones!M$13>=(Reprogramaciones!$T$15+7*(Reprogramaciones!M$14-1))+6,1,IF(MAX(0,NETWORKDAYS.INTL(MAX(E6,(Reprogramaciones!$T$15+7*(Reprogramaciones!M$14-1))),MIN(F6,(Reprogramaciones!$T$15+7*(Reprogramaciones!M$14-1))+6),11))=0,0,MAX(0,NETWORKDAYS.INTL(MAX(E6,(Reprogramaciones!$T$15+7*(Reprogramaciones!M$14-1))),MIN(F6,Reprogramaciones!M$13),11))/MAX(0,NETWORKDAYS.INTL(MAX(E6,(Reprogramaciones!$T$15+7*(Reprogramaciones!M$14-1))),MIN(F6,(Reprogramaciones!$T$15+7*(Reprogramaciones!M$14-1))+6),11)))))))) | BW6: =IF(OR(NOT(AND(ISNUMBER(E6),ISNUMBER(F6))),$J$2=""),"",IF(Reprogramaciones!N$13<Reprogramaciones!$T$15,0,IF(Reprogramaciones!N$14>10,MIN(100,SUM($G6:$P6)),MIN(100,SUMPRODUCT((COLUMN($G6:$P6)-COLUMN($G6)+1<Reprogramaciones!N$14)*$G6:$P6)+N(INDEX($G6:$P6,1,Reprogramaciones!N$14))*IF(Reprogramaciones!N$13>=(Reprogramaciones!$T$15+7*(Reprogramaciones!N$14-1))+6,1,IF(MAX(0,NETWORKDAYS.INTL(MAX(E6,(Reprogramaciones!$T$15+7*(Reprogramaciones!N$14-1))),MIN(F6,(Reprogramaciones!$T$15+7*(Reprogramaciones!N$14-1))+6),11))=0,0,MAX(0,NETWORKDAYS.INTL(MAX(E6,(Reprogramaciones!$T$15+7*(Reprogramaciones!N$14-1))),MIN(F6,Reprogramaciones!N$13),11))/MAX(0,NETWORKDAYS.INTL(MAX(E6,(Reprogramaciones!$T$15+7*(Reprogramaciones!N$14-1))),MIN(F6,(Reprogramaciones!$T$15+7*(Reprogramaciones!N$14-1))+6),11)))))))) | BX6: =IF(OR(NOT(AND(ISNUMBER(E6),ISNUMBER(F6))),$J$2=""),"",IF(Reprogramaciones!O$13<Reprogramaciones!$T$15,0,IF(Reprogramaciones!O$14>10,MIN(100,SUM($G6:$P6)),MIN(100,SUMPRODUCT((COLUMN($G6:$P6)-COLUMN($G6)+1<Reprogramaciones!O$14)*$G6:$P6)+N(INDEX($G6:$P6,1,Reprogramaciones!O$14))*IF(Reprogramaciones!O$13>=(Reprogramaciones!$T$15+7*(Reprogramaciones!O$14-1))+6,1,IF(MAX(0,NETWORKDAYS.INTL(MAX(E6,(Reprogramaciones!$T$15+7*(Reprogramaciones!O$14-1))),MIN(F6,(Reprogramaciones!$T$15+7*(Reprogramaciones!O$14-1))+6),11))=0,0,MAX(0,NETWORKDAYS.INTL(MAX(E6,(Reprogramaciones!$T$15+7*(Reprogramaciones!O$14-1))),MIN(F6,Reprogramaciones!O$13),11))/MAX(0,NETWORKDAYS.INTL(MAX(E6,(Reprogramaciones!$T$15+7*(Reprogramaciones!O$14-1))),MIN(F6,(Reprogramaciones!$T$15+7*(Reprogramaciones!O$14-1))+6),11)))))))) | BY6: =IF(OR(NOT(AND(ISNUMBER(E6),ISNUMBER(F6))),$J$2=""),"",IF(Reprogramaciones!P$13<Reprogramaciones!$T$15,0,IF(Reprogramaciones!P$14>10,MIN(100,SUM($G6:$P6)),MIN(100,SUMPRODUCT((COLUMN($G6:$P6)-COLUMN($G6)+1<Reprogramaciones!P$14)*$G6:$P6)+N(INDEX($G6:$P6,1,Reprogramaciones!P$14))*IF(Reprogramaciones!P$13>=(Reprogramaciones!$T$15+7*(Reprogramaciones!P$14-1))+6,1,IF(MAX(0,NETWORKDAYS.INTL(MAX(E6,(Reprogramaciones!$T$15+7*(Reprogramaciones!P$14-1))),MIN(F6,(Reprogramaciones!$T$15+7*(Reprogramaciones!P$14-1))+6),11))=0,0,MAX(0,NETWORKDAYS.INTL(MAX(E6,(Reprogramaciones!$T$15+7*(Reprogramaciones!P$14-1))),MIN(F6,Reprogramaciones!P$13),11))/MAX(0,NETWORKDAYS.INTL(MAX(E6,(Reprogramaciones!$T$15+7*(Reprogramaciones!P$14-1))),MIN(F6,(Reprogramaciones!$T$15+7*(Reprogramaciones!P$14-1))+6),11)))))))) | BZ6: =IF(OR(NOT(AND(ISNUMBER(E6),ISNUMBER(F6))),$J$2=""),"",IF(Reprogramaciones!Q$13<Reprogramaciones!$T$15,0,IF(Reprogramaciones!Q$14>10,MIN(100,SUM($G6:$P6)),MIN(100,SUMPRODUCT((COLUMN($G6:$P6)-COLUMN($G6)+1<Reprogramaciones!Q$14)*$G6:$P6)+N(INDEX($G6:$P6,1,Reprogramaciones!Q$14))*IF(Reprogramaciones!Q$13>=(Reprogramaciones!$T$15+7*(Reprogramaciones!Q$14-1))+6,1,IF(MAX(0,NETWORKDAYS.INTL(MAX(E6,(Reprogramaciones!$T$15+7*(Reprogramaciones!Q$14-1))),MIN(F6,(Reprogramaciones!$T$15+7*(Reprogramaciones!Q$14-1))+6),11))=0,0,MAX(0,NETWORKDAYS.INTL(MAX(E6,(Reprogramaciones!$T$15+7*(Reprogramaciones!Q$14-1))),MIN(F6,Reprogramaciones!Q$13),11))/MAX(0,NETWORKDAYS.INTL(MAX(E6,(Reprogramaciones!$T$15+7*(Reprogramaciones!Q$14-1))),MIN(F6,(Reprogramaciones!$T$15+7*(Reprogramaciones!Q$14-1))+6),11)))))))) | CA6: =IF(OR(NOT(AND(ISNUMBER(E6),ISNUMBER(F6))),$J$2=""),"",IF(Reprogramaciones!R$13<Reprogramaciones!$T$15,0,IF(Reprogramaciones!R$14>10,MIN(100,SUM($G6:$P6)),MIN(100,SUMPRODUCT((COLUMN($G6:$P6)-COLUMN($G6)+1<Reprogramaciones!R$14)*$G6:$P6)+N(INDEX($G6:$P6,1,Reprogramaciones!R$14))*IF(Reprogramaciones!R$13>=(Reprogramaciones!$T$15+7*(Reprogramaciones!R$14-1))+6,1,IF(MAX(0,NETWORKDAYS.INTL(MAX(E6,(Reprogramaciones!$T$15+7*(Reprogramaciones!R$14-1))),MIN(F6,(Reprogramaciones!$T$15+7*(Reprogramaciones!R$14-1))+6),11))=0,0,MAX(0,NETWORKDAYS.INTL(MAX(E6,(Reprogramaciones!$T$15+7*(Reprogramaciones!R$14-1))),MIN(F6,Reprogramaciones!R$13),11))/MAX(0,NETWORKDAYS.INTL(MAX(E6,(Reprogramaciones!$T$15+7*(Reprogramaciones!R$14-1))),MIN(F6,(Reprogramaciones!$T$15+7*(Reprogramaciones!R$14-1))+6),11)))))))) | CB6: =IF(OR(NOT(AND(ISNUMBER(E6),ISNUMBER(F6))),$J$2=""),"",IF(Reprogramaciones!S$13<Reprogramaciones!$T$15,0,IF(Reprogramaciones!S$14>10,MIN(100,SUM($G6:$P6)),MIN(100,SUMPRODUCT((COLUMN($G6:$P6)-COLUMN($G6)+1<Reprogramaciones!S$14)*$G6:$P6)+N(INDEX($G6:$P6,1,Reprogramaciones!S$14))*IF(Reprogramaciones!S$13>=(Reprogramaciones!$T$15+7*(Reprogramaciones!S$14-1))+6,1,IF(MAX(0,NETWORKDAYS.INTL(MAX(E6,(Reprogramaciones!$T$15+7*(Reprogramaciones!S$14-1))),MIN(F6,(Reprogramaciones!$T$15+7*(Reprogramaciones!S$14-1))+6),11))=0,0,MAX(0,NETWORKDAYS.INTL(MAX(E6,(Reprogramaciones!$T$15+7*(Reprogramaciones!S$14-1))),MIN(F6,Reprogramaciones!S$13),11))/MAX(0,NETWORKDAYS.INTL(MAX(E6,(Reprogramaciones!$T$15+7*(Reprogramaciones!S$14-1))),MIN(F6,(Reprogramaciones!$T$15+7*(Reprogramaciones!S$14-1))+6),11)))))))) | CC6: =IF(OR(NOT(AND(ISNUMBER(E6),ISNUMBER(F6))),$J$2=""),"",IF(Reprogramaciones!T$13<Reprogramaciones!$T$15,0,IF(Reprogramaciones!T$14>10,MIN(100,SUM($G6:$P6)),MIN(100,SUMPRODUCT((COLUMN($G6:$P6)-COLUMN($G6)+1<Reprogramaciones!T$14)*$G6:$P6)+N(INDEX($G6:$P6,1,Reprogramaciones!T$14))*IF(Reprogramaciones!T$13>=(Reprogramaciones!$T$15+7*(Reprogramaciones!T$14-1))+6,1,IF(MAX(0,NETWORKDAYS.INTL(MAX(E6,(Reprogramaciones!$T$15+7*(Reprogramaciones!T$14-1))),MIN(F6,(Reprogramaciones!$T$15+7*(Reprogramaciones!T$14-1))+6),11))=0,0,MAX(0,NETWORKDAYS.INTL(MAX(E6,(Reprogramaciones!$T$15+7*(Reprogramaciones!T$14-1))),MIN(F6,Reprogramaciones!T$13),11))/MAX(0,NETWORKDAYS.INTL(MAX(E6,(Reprogramaciones!$T$15+7*(Reprogramaciones!T$14-1))),MIN(F6,(Reprogramaciones!$T$15+7*(Reprogramaciones!T$14-1))+6),11)))))))) | CD6: =IF(OR(NOT(AND(ISNUMBER(E6),ISNUMBER(F6))),$J$2=""),"",IF(Reprogramaciones!U$13<Reprogramaciones!$T$15,0,IF(Reprogramaciones!U$14>10,MIN(100,SUM($G6:$P6)),MIN(100,SUMPRODUCT((COLUMN($G6:$P6)-COLUMN($G6)+1<Reprogramaciones!U$14)*$G6:$P6)+N(INDEX($G6:$P6,1,Reprogramaciones!U$14))*IF(Reprogramaciones!U$13>=(Reprogramaciones!$T$15+7*(Reprogramaciones!U$14-1))+6,1,IF(MAX(0,NETWORKDAYS.INTL(MAX(E6,(Reprogramaciones!$T$15+7*(Reprogramaciones!U$14-1))),MIN(F6,(Reprogramaciones!$T$15+7*(Reprogramaciones!U$14-1))+6),11))=0,0,MAX(0,NETWORKDAYS.INTL(MAX(E6,(Reprogramaciones!$T$15+7*(Reprogramaciones!U$14-1))),MIN(F6,Reprogramaciones!U$13),11))/MAX(0,NETWORKDAYS.INTL(MAX(E6,(Reprogramaciones!$T$15+7*(Reprogramaciones!U$14-1))),MIN(F6,(Reprogramaciones!$T$15+7*(Reprogramaciones!U$14-1))+6),11)))))))) | CE6: =IF(OR(NOT(AND(ISNUMBER(E6),ISNUMBER(F6))),$J$2=""),"",IF(Reprogramaciones!V$13<Reprogramaciones!$T$15,0,IF(Reprogramaciones!V$14>10,MIN(100,SUM($G6:$P6)),MIN(100,SUMPRODUCT((COLUMN($G6:$P6)-COLUMN($G6)+1<Reprogramaciones!V$14)*$G6:$P6)+N(INDEX($G6:$P6,1,Reprogramaciones!V$14))*IF(Reprogramaciones!V$13>=(Reprogramaciones!$T$15+7*(Reprogramaciones!V$14-1))+6,1,IF(MAX(0,NETWORKDAYS.INTL(MAX(E6,(Reprogramaciones!$T$15+7*(Reprogramaciones!V$14-1))),MIN(F6,(Reprogramaciones!$T$15+7*(Reprogramaciones!V$14-1))+6),11))=0,0,MAX(0,NETWORKDAYS.INTL(MAX(E6,(Reprogramaciones!$T$15+7*(Reprogramaciones!V$14-1))),MIN(F6,Reprogramaciones!V$13),11))/MAX(0,NETWORKDAYS.INTL(MAX(E6,(Reprogramaciones!$T$15+7*(Reprogramaciones!V$14-1))),MIN(F6,(Reprogramaciones!$T$15+7*(Reprogramaciones!V$14-1))+6),11)))))))) | CF6: =IF(OR(NOT(AND(ISNUMBER(E6),ISNUMBER(F6))),$J$2=""),"",IF(Reprogramaciones!W$13<Reprogramaciones!$T$15,0,IF(Reprogramaciones!W$14>10,MIN(100,SUM($G6:$P6)),MIN(100,SUMPRODUCT((COLUMN($G6:$P6)-COLUMN($G6)+1<Reprogramaciones!W$14)*$G6:$P6)+N(INDEX($G6:$P6,1,Reprogramaciones!W$14))*IF(Reprogramaciones!W$13>=(Reprogramaciones!$T$15+7*(Reprogramaciones!W$14-1))+6,1,IF(MAX(0,NETWORKDAYS.INTL(MAX(E6,(Reprogramaciones!$T$15+7*(Reprogramaciones!W$14-1))),MIN(F6,(Reprogramaciones!$T$15+7*(Reprogramaciones!W$14-1))+6),11))=0,0,MAX(0,NETWORKDAYS.INTL(MAX(E6,(Reprogramaciones!$T$15+7*(Reprogramaciones!W$14-1))),MIN(F6,Reprogramaciones!W$13),11))/MAX(0,NETWORKDAYS.INTL(MAX(E6,(Reprogramaciones!$T$15+7*(Reprogramaciones!W$14-1))),MIN(F6,(Reprogramaciones!$T$15+7*(Reprogramaciones!W$14-1))+6),11)))))))) | CG6: =IF(OR(NOT(AND(ISNUMBER(E6),ISNUMBER(F6))),$J$2=""),"",IF(Reprogramaciones!X$13<Reprogramaciones!$T$15,0,IF(Reprogramaciones!X$14>10,MIN(100,SUM($G6:$P6)),MIN(100,SUMPRODUCT((COLUMN($G6:$P6)-COLUMN($G6)+1<Reprogramaciones!X$14)*$G6:$P6)+N(INDEX($G6:$P6,1,Reprogramaciones!X$14))*IF(Reprogramaciones!X$13>=(Reprogramaciones!$T$15+7*(Reprogramaciones!X$14-1))+6,1,IF(MAX(0,NETWORKDAYS.INTL(MAX(E6,(Reprogramaciones!$T$15+7*(Reprogramaciones!X$14-1))),MIN(F6,(Reprogramaciones!$T$15+7*(Reprogramaciones!X$14-1))+6),11))=0,0,MAX(0,NETWORKDAYS.INTL(MAX(E6,(Reprogramaciones!$T$15+7*(Reprogramaciones!X$14-1))),MIN(F6,Reprogramaciones!X$13),11))/MAX(0,NETWORKDAYS.INTL(MAX(E6,(Reprogramaciones!$T$15+7*(Reprogramaciones!X$14-1))),MIN(F6,(Reprogramaciones!$T$15+7*(Reprogramaciones!X$14-1))+6),11)))))))) | CH6: =IF(OR(NOT(AND(ISNUMBER(E6),ISNUMBER(F6))),$J$2=""),"",IF(Reprogramaciones!Y$13<Reprogramaciones!$T$15,0,IF(Reprogramaciones!Y$14>10,MIN(100,SUM($G6:$P6)),MIN(100,SUMPRODUCT((COLUMN($G6:$P6)-COLUMN($G6)+1<Reprogramaciones!Y$14)*$G6:$P6)+N(INDEX($G6:$P6,1,Reprogramaciones!Y$14))*IF(Reprogramaciones!Y$13>=(Reprogramaciones!$T$15+7*(Reprogramaciones!Y$14-1))+6,1,IF(MAX(0,NETWORKDAYS.INTL(MAX(E6,(Reprogramaciones!$T$15+7*(Reprogramaciones!Y$14-1))),MIN(F6,(Reprogramaciones!$T$15+7*(Reprogramaciones!Y$14-1))+6),11))=0,0,MAX(0,NETWORKDAYS.INTL(MAX(E6,(Reprogramaciones!$T$15+7*(Reprogramaciones!Y$14-1))),MIN(F6,Reprogramaciones!Y$13),11))/MAX(0,NETWORKDAYS.INTL(MAX(E6,(Reprogramaciones!$T$15+7*(Reprogramaciones!Y$14-1))),MIN(F6,(Reprogramaciones!$T$15+7*(Reprogramaciones!Y$14-1))+6),11)))))))) | CI6: =IF(OR(NOT(AND(ISNUMBER(E6),ISNUMBER(F6))),$J$2=""),"",IF(Reprogramaciones!Z$13<Reprogramaciones!$T$15,0,IF(Reprogramaciones!Z$14>10,MIN(100,SUM($G6:$P6)),MIN(100,SUMPRODUCT((COLUMN($G6:$P6)-COLUMN($G6)+1<Reprogramaciones!Z$14)*$G6:$P6)+N(INDEX($G6:$P6,1,Reprogramaciones!Z$14))*IF(Reprogramaciones!Z$13>=(Reprogramaciones!$T$15+7*(Reprogramaciones!Z$14-1))+6,1,IF(MAX(0,NETWORKDAYS.INTL(MAX(E6,(Reprogramaciones!$T$15+7*(Reprogramaciones!Z$14-1))),MIN(F6,(Reprogramaciones!$T$15+7*(Reprogramaciones!Z$14-1))+6),11))=0,0,MAX(0,NETWORKDAYS.INTL(MAX(E6,(Reprogramaciones!$T$15+7*(Reprogramaciones!Z$14-1))),MIN(F6,Reprogramaciones!Z$13),11))/MAX(0,NETWORKDAYS.INTL(MAX(E6,(Reprogramaciones!$T$15+7*(Reprogramaciones!Z$14-1))),MIN(F6,(Reprogramaciones!$T$15+7*(Reprogramaciones!Z$14-1))+6),11)))))))) | CJ6: =IF(OR(OR(NOT(AND(ISNUMBER(E6),ISNUMBER(F6))),$J$2=""),1>Reprogramaciones!$K$16),"",IF(ROUND(SUM($Q6:Q6),1)>=99.5,100,MIN(100,ROUND(SUM($Q6:Q6),1)))) | CK6: =IF(OR(OR(NOT(AND(ISNUMBER(E6),ISNUMBER(F6))),$J$2=""),2>Reprogramaciones!$K$16),"",IF(ROUND(SUM($Q6:R6),1)>=99.5,100,MIN(100,ROUND(SUM($Q6:R6),1)))) | CL6: =IF(OR(OR(NOT(AND(ISNUMBER(E6),ISNUMBER(F6))),$J$2=""),3>Reprogramaciones!$K$16),"",IF(ROUND(SUM($Q6:S6),1)>=99.5,100,MIN(100,ROUND(SUM($Q6:S6),1)))) | CM6: =IF(OR(OR(NOT(AND(ISNUMBER(E6),ISNUMBER(F6))),$J$2=""),4>Reprogramaciones!$K$16),"",IF(ROUND(SUM($Q6:T6),1)>=99.5,100,MIN(100,ROUND(SUM($Q6:T6),1)))) | CN6: =IF(OR(OR(NOT(AND(ISNUMBER(E6),ISNUMBER(F6))),$J$2=""),5>Reprogramaciones!$K$16),"",IF(ROUND(SUM($Q6:U6),1)>=99.5,100,MIN(100,ROUND(SUM($Q6:U6),1)))) | CO6: =IF(OR(OR(NOT(AND(ISNUMBER(E6),ISNUMBER(F6))),$J$2=""),6>Reprogramaciones!$K$16),"",IF(ROUND(SUM($Q6:V6),1)>=99.5,100,MIN(100,ROUND(SUM($Q6:V6),1)))) | CP6: =IF(OR(OR(NOT(AND(ISNUMBER(E6),ISNUMBER(F6))),$J$2=""),7>Reprogramaciones!$K$16),"",IF(ROUND(SUM($Q6:W6),1)>=99.5,100,MIN(100,ROUND(SUM($Q6:W6),1)))) | CQ6: =IF(OR(OR(NOT(AND(ISNUMBER(E6),ISNUMBER(F6))),$J$2=""),8>Reprogramaciones!$K$16),"",IF(ROUND(SUM($Q6:X6),1)>=99.5,100,MIN(100,ROUND(SUM($Q6:X6),1)))) | CR6: =IF(OR(OR(NOT(AND(ISNUMBER(E6),ISNUMBER(F6))),$J$2=""),9>Reprogramaciones!$K$16),"",IF(ROUND(SUM($Q6:Y6),1)>=99.5,100,MIN(100,ROUND(SUM($Q6:Y6),1)))) | CS6: =IF(OR(OR(NOT(AND(ISNUMBER(E6),ISNUMBER(F6))),$J$2=""),10>Reprogramaciones!$K$16),"",IF(ROUND(SUM($Q6:Z6),1)>=99.5,100,MIN(100,ROUND(SUM($Q6:Z6),1)))) | CT6: =IF(OR(OR(NOT(AND(ISNUMBER(E6),ISNUMBER(F6))),$J$2=""),11>Reprogramaciones!$K$16),"",IF(ROUND(SUM($Q6:AA6),1)>=99.5,100,MIN(100,ROUND(SUM($Q6:AA6),1)))) | CU6: =IF(OR(OR(NOT(AND(ISNUMBER(E6),ISNUMBER(F6))),$J$2=""),12>Reprogramaciones!$K$16),"",IF(ROUND(SUM($Q6:AB6),1)>=99.5,100,MIN(100,ROUND(SUM($Q6:AB6),1)))) | CV6: =IF(OR(OR(NOT(AND(ISNUMBER(E6),ISNUMBER(F6))),$J$2=""),13>Reprogramaciones!$K$16),"",IF(ROUND(SUM($Q6:AC6),1)>=99.5,100,MIN(100,ROUND(SUM($Q6:AC6),1)))) | CW6: =IF(OR(OR(NOT(AND(ISNUMBER(E6),ISNUMBER(F6))),$J$2=""),14>Reprogramaciones!$K$16),"",IF(ROUND(SUM($Q6:AD6),1)>=99.5,100,MIN(100,ROUND(SUM($Q6:AD6),1)))) | CX6: =IF(OR(OR(NOT(AND(ISNUMBER(E6),ISNUMBER(F6))),$J$2=""),15>Reprogramaciones!$K$16),"",IF(ROUND(SUM($Q6:AE6),1)>=99.5,100,MIN(100,ROUND(SUM($Q6:AE6),1)))) | CY6: =IF(OR(OR(NOT(AND(ISNUMBER(E6),ISNUMBER(F6))),$J$2=""),16>Reprogramaciones!$K$16),"",IF(ROUND(SUM($Q6:AF6),1)>=99.5,100,MIN(100,ROUND(SUM($Q6:AF6),1)))) | CZ6: =IF(D6<>"",D6,IF(B6<>"","Contractual","Contractual")) -> Contractual | DA6: =IF(OR(NOT(AND(ISNUMBER(E6),ISNUMBER(F6))),$J$2=""),"",IF(Reprogramaciones!$Q$15<Reprogramaciones!$T$15,0,IF(Reprogramaciones!$S$15>10,MIN(100,SUM($G6:$P6)),MIN(100,SUMPRODUCT((COLUMN($G6:$P6)-COLUMN($G6)+1<Reprogramaciones!$S$15)*$G6:$P6)+N(INDEX($G6:$P6,1,Reprogramaciones!$S$15))*IF(Reprogramaciones!$Q$15>=(Reprogramaciones!$T$15+7*(Reprogramaciones!$S$15-1))+6,1,IF(MAX(0,NETWORKDAYS.INTL(MAX(E6,(Reprogramaciones!$T$15+7*(Reprogramaciones!$S$15-1))),MIN(F6,(Reprogramaciones!$T$15+7*(Reprogramaciones!$S$15-1))+6),11))=0,0,MAX(0,NETWORKDAYS.INTL(MAX(E6,(Reprogramaciones!$T$15+7*(Reprogramaciones!$S$15-1))),MIN(F6,Reprogramaciones!$Q$15),11))/MAX(0,NETWORKDAYS.INTL(MAX(E6,(Reprogramaciones!$T$15+7*(Reprogramaciones!$S$15-1))),MIN(F6,(Reprogramaciones!$T$15+7*(Reprogramaciones!$S$15-1))+6),11))))))))
A7: 01.01 | C7: Movilización e instalación de obra | E7: 46288 | F7: 46289 | G7: =IF(OR(NOT(AND(ISNUMBER(E7),ISNUMBER(F7))),$J$2=""),"",IF(Reprogramaciones!K$9<E7,0,IF(NETWORKDAYS.INTL(E7,F7,11)=0,IF(Reprogramaciones!K$9>=F7,100,0),ROUND(NETWORKDAYS.INTL(E7,MIN(F7,Reprogramaciones!K$9),11)/NETWORKDAYS.INTL(E7,F7,11)*100,1)))-0) -> 100 | H7: =IF(OR(NOT(AND(ISNUMBER(E7),ISNUMBER(F7))),$J$2=""),"",IF(Reprogramaciones!L$9<E7,0,IF(NETWORKDAYS.INTL(E7,F7,11)=0,IF(Reprogramaciones!L$9>=F7,100,0),ROUND(NETWORKDAYS.INTL(E7,MIN(F7,Reprogramaciones!L$9),11)/NETWORKDAYS.INTL(E7,F7,11)*100,1)))-IF(Reprogramaciones!K$9<E7,0,IF(NETWORKDAYS.INTL(E7,F7,11)=0,IF(Reprogramaciones!K$9>=F7,100,0),ROUND(NETWORKDAYS.INTL(E7,MIN(F7,Reprogramaciones!K$9),11)/NETWORKDAYS.INTL(E7,F7,11)*100,1)))) -> 0 | I7: =IF(OR(NOT(AND(ISNUMBER(E7),ISNUMBER(F7))),$J$2=""),"",IF(Reprogramaciones!M$9<E7,0,IF(NETWORKDAYS.INTL(E7,F7,11)=0,IF(Reprogramaciones!M$9>=F7,100,0),ROUND(NETWORKDAYS.INTL(E7,MIN(F7,Reprogramaciones!M$9),11)/NETWORKDAYS.INTL(E7,F7,11)*100,1)))-IF(Reprogramaciones!L$9<E7,0,IF(NETWORKDAYS.INTL(E7,F7,11)=0,IF(Reprogramaciones!L$9>=F7,100,0),ROUND(NETWORKDAYS.INTL(E7,MIN(F7,Reprogramaciones!L$9),11)/NETWORKDAYS.INTL(E7,F7,11)*100,1)))) -> 0 | J7: =IF(OR(NOT(AND(ISNUMBER(E7),ISNUMBER(F7))),$J$2=""),"",IF(Reprogramaciones!N$9<E7,0,IF(NETWORKDAYS.INTL(E7,F7,11)=0,IF(Reprogramaciones!N$9>=F7,100,0),ROUND(NETWORKDAYS.INTL(E7,MIN(F7,Reprogramaciones!N$9),11)/NETWORKDAYS.INTL(E7,F7,11)*100,1)))-IF(Reprogramaciones!M$9<E7,0,IF(NETWORKDAYS.INTL(E7,F7,11)=0,IF(Reprogramaciones!M$9>=F7,100,0),ROUND(NETWORKDAYS.INTL(E7,MIN(F7,Reprogramaciones!M$9),11)/NETWORKDAYS.INTL(E7,F7,11)*100,1)))) -> 0 | K7: =IF(OR(NOT(AND(ISNUMBER(E7),ISNUMBER(F7))),$J$2=""),"",IF(Reprogramaciones!O$9<E7,0,IF(NETWORKDAYS.INTL(E7,F7,11)=0,IF(Reprogramaciones!O$9>=F7,100,0),ROUND(NETWORKDAYS.INTL(E7,MIN(F7,Reprogramaciones!O$9),11)/NETWORKDAYS.INTL(E7,F7,11)*100,1)))-IF(Reprogramaciones!N$9<E7,0,IF(NETWORKDAYS.INTL(E7,F7,11)=0,IF(Reprogramaciones!N$9>=F7,100,0),ROUND(NETWORKDAYS.INTL(E7,MIN(F7,Reprogramaciones!N$9),11)/NETWORKDAYS.INTL(E7,F7,11)*100,1)))) -> 0 | L7: =IF(OR(NOT(AND(ISNUMBER(E7),ISNUMBER(F7))),$J$2=""),"",IF(Reprogramaciones!P$9<E7,0,IF(NETWORKDAYS.INTL(E7,F7,11)=0,IF(Reprogramaciones!P$9>=F7,100,0),ROUND(NETWORKDAYS.INTL(E7,MIN(F7,Reprogramaciones!P$9),11)/NETWORKDAYS.INTL(E7,F7,11)*100,1)))-IF(Reprogramaciones!O$9<E7,0,IF(NETWORKDAYS.INTL(E7,F7,11)=0,IF(Reprogramaciones!O$9>=F7,100,0),ROUND(NETWORKDAYS.INTL(E7,MIN(F7,Reprogramaciones!O$9),11)/NETWORKDAYS.INTL(E7,F7,11)*100,1)))) -> 0 | M7: =IF(OR(NOT(AND(ISNUMBER(E7),ISNUMBER(F7))),$J$2=""),"",IF(Reprogramaciones!Q$9<E7,0,IF(NETWORKDAYS.INTL(E7,F7,11)=0,IF(Reprogramaciones!Q$9>=F7,100,0),ROUND(NETWORKDAYS.INTL(E7,MIN(F7,Reprogramaciones!Q$9),11)/NETWORKDAYS.INTL(E7,F7,11)*100,1)))-IF(Reprogramaciones!P$9<E7,0,IF(NETWORKDAYS.INTL(E7,F7,11)=0,IF(Reprogramaciones!P$9>=F7,100,0),ROUND(NETWORKDAYS.INTL(E7,MIN(F7,Reprogramaciones!P$9),11)/NETWORKDAYS.INTL(E7,F7,11)*100,1)))) -> 0 | N7: =IF(OR(NOT(AND(ISNUMBER(E7),ISNUMBER(F7))),$J$2=""),"",IF(Reprogramaciones!R$9<E7,0,IF(NETWORKDAYS.INTL(E7,F7,11)=0,IF(Reprogramaciones!R$9>=F7,100,0),ROUND(NETWORKDAYS.INTL(E7,MIN(F7,Reprogramaciones!R$9),11)/NETWORKDAYS.INTL(E7,F7,11)*100,1)))-IF(Reprogramaciones!Q$9<E7,0,IF(NETWORKDAYS.INTL(E7,F7,11)=0,IF(Reprogramaciones!Q$9>=F7,100,0),ROUND(NETWORKDAYS.INTL(E7,MIN(F7,Reprogramaciones!Q$9),11)/NETWORKDAYS.INTL(E7,F7,11)*100,1)))) -> 0 | O7: =IF(OR(NOT(AND(ISNUMBER(E7),ISNUMBER(F7))),$J$2=""),"",IF(Reprogramaciones!S$9<E7,0,IF(NETWORKDAYS.INTL(E7,F7,11)=0,IF(Reprogramaciones!S$9>=F7,100,0),ROUND(NETWORKDAYS.INTL(E7,MIN(F7,Reprogramaciones!S$9),11)/NETWORKDAYS.INTL(E7,F7,11)*100,1)))-IF(Reprogramaciones!R$9<E7,0,IF(NETWORKDAYS.INTL(E7,F7,11)=0,IF(Reprogramaciones!R$9>=F7,100,0),ROUND(NETWORKDAYS.INTL(E7,MIN(F7,Reprogramaciones!R$9),11)/NETWORKDAYS.INTL(E7,F7,11)*100,1)))) -> 0 | P7: =IF(OR(NOT(AND(ISNUMBER(E7),ISNUMBER(F7))),$J$2=""),"",IF(Reprogramaciones!T$9<E7,0,IF(NETWORKDAYS.INTL(E7,F7,11)=0,IF(Reprogramaciones!T$9>=F7,100,0),ROUND(NETWORKDAYS.INTL(E7,MIN(F7,Reprogramaciones!T$9),11)/NETWORKDAYS.INTL(E7,F7,11)*100,1)))-IF(Reprogramaciones!S$9<E7,0,IF(NETWORKDAYS.INTL(E7,F7,11)=0,IF(Reprogramaciones!S$9>=F7,100,0),ROUND(NETWORKDAYS.INTL(E7,MIN(F7,Reprogramaciones!S$9),11)/NETWORKDAYS.INTL(E7,F7,11)*100,1)))) -> 0 | Q7: 100 | AG7: =IF(AND(ISNUMBER(E7),ISNUMBER(F7)),NETWORKDAYS.INTL(E7,F7,11),"") -> 2 | AH7: =IF(OR(NOT(AND(ISNUMBER(E7),ISNUMBER(F7))),$J$2=""),"",IF(Reprogramaciones!$P$15<Reprogramaciones!$T$15,0,IF(Reprogramaciones!$R$15>10,MIN(100,SUM($G7:$P7)),MIN(100,SUMPRODUCT((COLUMN($G7:$P7)-COLUMN($G7)+1<Reprogramaciones!$R$15)*$G7:$P7)+N(INDEX($G7:$P7,1,Reprogramaciones!$R$15))*IF(Reprogramaciones!$P$15>=(Reprogramaciones!$T$15+7*(Reprogramaciones!$R$15-1))+6,1,IF(MAX(0,NETWORKDAYS.INTL(MAX(E7,(Reprogramaciones!$T$15+7*(Reprogramaciones!$R$15-1))),MIN(F7,(Reprogramaciones!$T$15+7*(Reprogramaciones!$R$15-1))+6),11))=0,0,MAX(0,NETWORKDAYS.INTL(MAX(E7,(Reprogramaciones!$T$15+7*(Reprogramaciones!$R$15-1))),MIN(F7,Reprogramaciones!$P$15),11))/MAX(0,NETWORKDAYS.INTL(MAX(E7,(Reprogramaciones!$T$15+7*(Reprogramaciones!$R$15-1))),MIN(F7,(Reprogramaciones!$T$15+7*(Reprogramaciones!$R$15-1))+6),11)))))))) -> 100 | AI7: =IF(COUNT($Q7:$AF7)=0,"",IF(ROUND(SUM($Q7:$AF7),1)>=99.5,100,MIN(100,ROUND(SUM($Q7:$AF7),1)))) -> 100 | AJ7: =IF(OR(AH7="",AI7=""),"",AI7-AH7) -> 0 | AK7: =IF(AH7="","",IF(OR(Ficha!$C$10="Suspendida",Ficha!$C$10="Cancelada"),Ficha!$C$10,IF(AND(AI7<>"",N(AI7)>=100),"Completada",IF(AND(E7>TODAY(),N(AI7)=0),"Por iniciar",IF(N(AI7)+0.5<AH7,"Retrasada",IF(N(AI7)+0.5<DA7,IF(Reprogramaciones!$K$15>0,"Al día · Sem "&Reprogramaciones!$K$15&" en curso","Al día · en curso"),"A tiempo")))))) -> Completada | AL7: =IF(AND(A7="",AND(B7="",C7="",E7="",F7="",COUNT(Q7:AF7)=0)),"",IF(AND(B7="",C7="",E7="",F7="",COUNT(Q7:AF7)=0),"Falta la partida o subpartida",IF(AND(A7<>"",COUNTIF($A$6:$A$305,A7)>1),"Ítem repetido",IF(AND(C7="",E7="",F7="",COUNT(Q7:AF7)=0),"Título de partida",IF(OR(E7="",F7=""),"Faltan fechas",IF(OR(ISTEXT(E7),ISTEXT(F7)),"Fecha escrita como texto: usa dd/mm/aaaa",IF(F7<E7,"Fin antes del inicio",IF(IF($J$2="",FALSE(),OR(E7<$J$2,F7>Reprogramaciones!$T$15+69)),"Fuera de las 10 semanas",IF(ABS(SUM(G7:P7)-100)>0.5,"La meta no suma 100%",IF(ROUND(SUM(Q7:AF7),1)>100.5,"El avance pasa de 100%",IF(MIN(Q7:AF7)<0,"Avance negativo",IF(COUNTA(Q7:AF7)>COUNT(Q7:AF7),"Avance escrito como texto",IF(SUMPRODUCT((Q7:AF7>0)*(Q7:AF7<1))>0,"Avance menor a 1: escribe 50, no 50%",IF(SUMPRODUCT(ISNUMBER(Q7:AF7)*(Reprogramaciones!$K$8:$Z$8>TODAY()))>0,"Avance en semana que aún no llega",IF(AND(N(Reprogramaciones!$E$21)>0,F7>Reprogramaciones!$E$21),"Pasa el fin de la obra: registra una reprogramación",IF(AND(N(Reprogramaciones!$E$21)>0,SUMPRODUCT(ISNUMBER(Q7:AF7)*(Reprogramaciones!$K$8:$Z$8>Reprogramaciones!$E$21))>0),"Avance después del fin de la obra: registra una reprogramación por atraso","OK")))))))))))))))) -> OK | AM7: =IF(OR(OR(NOT(AND(ISNUMBER(E7),ISNUMBER(F7))),$J$2=""),1>MAX(1,Reprogramaciones!$U$15)),"",IF(Reprogramaciones!K$12>=7,"",IF(OR(BT7-N(0)>0.05,N(Q7)>0),ROUNDDOWN(ROUND(BT7,6),0)&"%"&IF(CJ7="",""," / "&CJ7&"%"),IF(AND(N(0)>=99.95,CJ7<>"",N(CJ7)<100),"Pend. "&CJ7&"%","")))) -> 100% / 100% | AN7: =IF(OR(OR(NOT(AND(ISNUMBER(E7),ISNUMBER(F7))),$J$2=""),2>MAX(1,Reprogramaciones!$U$15)),"",IF(Reprogramaciones!L$12>=7,"",IF(OR(BU7-N(BT7)>0.05,N(R7)>0),ROUNDDOWN(ROUND(BU7,6),0)&"%"&IF(CK7="",""," / "&CK7&"%"),IF(AND(N(BT7)>=99.95,CK7<>"",N(CK7)<100),"Pend. "&CK7&"%","")))) | AO7: =IF(OR(OR(NOT(AND(ISNUMBER(E7),ISNUMBER(F7))),$J$2=""),3>MAX(1,Reprogramaciones!$U$15)),"",IF(Reprogramaciones!M$12>=7,"",IF(OR(BV7-N(BU7)>0.05,N(S7)>0),ROUNDDOWN(ROUND(BV7,6),0)&"%"&IF(CL7="",""," / "&CL7&"%"),IF(AND(N(BU7)>=99.95,CL7<>"",N(CL7)<100),"Pend. "&CL7&"%","")))) | AP7: =IF(OR(OR(NOT(AND(ISNUMBER(E7),ISNUMBER(F7))),$J$2=""),4>MAX(1,Reprogramaciones!$U$15)),"",IF(Reprogramaciones!N$12>=7,"",IF(OR(BW7-N(BV7)>0.05,N(T7)>0),ROUNDDOWN(ROUND(BW7,6),0)&"%"&IF(CM7="",""," / "&CM7&"%"),IF(AND(N(BV7)>=99.95,CM7<>"",N(CM7)<100),"Pend. "&CM7&"%","")))) | AQ7: =IF(OR(OR(NOT(AND(ISNUMBER(E7),ISNUMBER(F7))),$J$2=""),5>MAX(1,Reprogramaciones!$U$15)),"",IF(Reprogramaciones!O$12>=7,"",IF(OR(BX7-N(BW7)>0.05,N(U7)>0),ROUNDDOWN(ROUND(BX7,6),0)&"%"&IF(CN7="",""," / "&CN7&"%"),IF(AND(N(BW7)>=99.95,CN7<>"",N(CN7)<100),"Pend. "&CN7&"%","")))) | AR7: =IF(OR(OR(NOT(AND(ISNUMBER(E7),ISNUMBER(F7))),$J$2=""),6>MAX(1,Reprogramaciones!$U$15)),"",IF(Reprogramaciones!P$12>=7,"",IF(OR(BY7-N(BX7)>0.05,N(V7)>0),ROUNDDOWN(ROUND(BY7,6),0)&"%"&IF(CO7="",""," / "&CO7&"%"),IF(AND(N(BX7)>=99.95,CO7<>"",N(CO7)<100),"Pend. "&CO7&"%","")))) | AS7: =IF(OR(OR(NOT(AND(ISNUMBER(E7),ISNUMBER(F7))),$J$2=""),7>MAX(1,Reprogramaciones!$U$15)),"",IF(Reprogramaciones!Q$12>=7,"",IF(OR(BZ7-N(BY7)>0.05,N(W7)>0),ROUNDDOWN(ROUND(BZ7,6),0)&"%"&IF(CP7="",""," / "&CP7&"%"),IF(AND(N(BY7)>=99.95,CP7<>"",N(CP7)<100),"Pend. "&CP7&"%","")))) | AT7: =IF(OR(OR(NOT(AND(ISNUMBER(E7),ISNUMBER(F7))),$J$2=""),8>MAX(1,Reprogramaciones!$U$15)),"",IF(Reprogramaciones!R$12>=7,"",IF(OR(CA7-N(BZ7)>0.05,N(X7)>0),ROUNDDOWN(ROUND(CA7,6),0)&"%"&IF(CQ7="",""," / "&CQ7&"%"),IF(AND(N(BZ7)>=99.95,CQ7<>"",N(CQ7)<100),"Pend. "&CQ7&"%","")))) | AU7: =IF(OR(OR(NOT(AND(ISNUMBER(E7),ISNUMBER(F7))),$J$2=""),9>MAX(1,Reprogramaciones!$U$15)),"",IF(Reprogramaciones!S$12>=7,"",IF(OR(CB7-N(CA7)>0.05,N(Y7)>0),ROUNDDOWN(ROUND(CB7,6),0)&"%"&IF(CR7="",""," / "&CR7&"%"),IF(AND(N(CA7)>=99.95,CR7<>"",N(CR7)<100),"Pend. "&CR7&"%","")))) | AV7: =IF(OR(OR(NOT(AND(ISNUMBER(E7),ISNUMBER(F7))),$J$2=""),10>MAX(1,Reprogramaciones!$U$15)),"",IF(Reprogramaciones!T$12>=7,"",IF(OR(CC7-N(CB7)>0.05,N(Z7)>0),ROUNDDOWN(ROUND(CC7,6),0)&"%"&IF(CS7="",""," / "&CS7&"%"),IF(AND(N(CB7)>=99.95,CS7<>"",N(CS7)<100),"Pend. "&CS7&"%","")))) | AW7: =IF(OR(OR(NOT(AND(ISNUMBER(E7),ISNUMBER(F7))),$J$2=""),11>MAX(1,Reprogramaciones!$U$15)),"",IF(Reprogramaciones!U$12>=7,"",IF(OR(CD7-N(CC7)>0.05,N(AA7)>0),ROUNDDOWN(ROUND(CD7,6),0)&"%"&IF(CT7="",""," / "&CT7&"%"),IF(AND(N(CC7)>=99.95,CT7<>"",N(CT7)<100),"Pend. "&CT7&"%","")))) | AX7: =IF(OR(OR(NOT(AND(ISNUMBER(E7),ISNUMBER(F7))),$J$2=""),12>MAX(1,Reprogramaciones!$U$15)),"",IF(Reprogramaciones!V$12>=7,"",IF(OR(CE7-N(CD7)>0.05,N(AB7)>0),ROUNDDOWN(ROUND(CE7,6),0)&"%"&IF(CU7="",""," / "&CU7&"%"),IF(AND(N(CD7)>=99.95,CU7<>"",N(CU7)<100),"Pend. "&CU7&"%","")))) | AY7: =IF(OR(OR(NOT(AND(ISNUMBER(E7),ISNUMBER(F7))),$J$2=""),13>MAX(1,Reprogramaciones!$U$15)),"",IF(Reprogramaciones!W$12>=7,"",IF(OR(CF7-N(CE7)>0.05,N(AC7)>0),ROUNDDOWN(ROUND(CF7,6),0)&"%"&IF(CV7="",""," / "&CV7&"%"),IF(AND(N(CE7)>=99.95,CV7<>"",N(CV7)<100),"Pend. "&CV7&"%","")))) | AZ7: =IF(OR(OR(NOT(AND(ISNUMBER(E7),ISNUMBER(F7))),$J$2=""),14>MAX(1,Reprogramaciones!$U$15)),"",IF(Reprogramaciones!X$12>=7,"",IF(OR(CG7-N(CF7)>0.05,N(AD7)>0),ROUNDDOWN(ROUND(CG7,6),0)&"%"&IF(CW7="",""," / "&CW7&"%"),IF(AND(N(CF7)>=99.95,CW7<>"",N(CW7)<100),"Pend. "&CW7&"%","")))) | BA7: =IF(OR(OR(NOT(AND(ISNUMBER(E7),ISNUMBER(F7))),$J$2=""),15>MAX(1,Reprogramaciones!$U$15)),"",IF(Reprogramaciones!Y$12>=7,"",IF(OR(CH7-N(CG7)>0.05,N(AE7)>0),ROUNDDOWN(ROUND(CH7,6),0)&"%"&IF(CX7="",""," / "&CX7&"%"),IF(AND(N(CG7)>=99.95,CX7<>"",N(CX7)<100),"Pend. "&CX7&"%","")))) | BB7: =IF(OR(OR(NOT(AND(ISNUMBER(E7),ISNUMBER(F7))),$J$2=""),16>MAX(1,Reprogramaciones!$U$15)),"",IF(Reprogramaciones!Z$12>=7,"",IF(OR(CI7-N(CH7)>0.05,N(AF7)>0),ROUNDDOWN(ROUND(CI7,6),0)&"%"&IF(CY7="",""," / "&CY7&"%"),IF(AND(N(CH7)>=99.95,CY7<>"",N(CY7)<100),"Pend. "&CY7&"%","")))) | BC7: =IF(AND(ISNUMBER(E7),ISNUMBER(F7)),MAX(1,NETWORKDAYS.INTL(E7,F7,11)),0) -> 2 | BD7: =IF(OR(NOT(AND(ISNUMBER(E7),ISNUMBER(F7))),$J$2=""),"",MIN(100,ROUND(SUM($G7:G7),1))) -> 100 | BE7: =IF(OR(NOT(AND(ISNUMBER(E7),ISNUMBER(F7))),$J$2=""),"",MIN(100,ROUND(SUM($G7:H7),1))) -> 100 | BF7: =IF(OR(NOT(AND(ISNUMBER(E7),ISNUMBER(F7))),$J$2=""),"",MIN(100,ROUND(SUM($G7:I7),1))) -> 100 | BG7: =IF(OR(NOT(AND(ISNUMBER(E7),ISNUMBER(F7))),$J$2=""),"",MIN(100,ROUND(SUM($G7:J7),1))) -> 100 | BH7: =IF(OR(NOT(AND(ISNUMBER(E7),ISNUMBER(F7))),$J$2=""),"",MIN(100,ROUND(SUM($G7:K7),1))) -> 100 | BI7: =IF(OR(NOT(AND(ISNUMBER(E7),ISNUMBER(F7))),$J$2=""),"",MIN(100,ROUND(SUM($G7:L7),1))) -> 100 | BJ7: =IF(OR(NOT(AND(ISNUMBER(E7),ISNUMBER(F7))),$J$2=""),"",MIN(100,ROUND(SUM($G7:M7),1))) -> 100 | BK7: =IF(OR(NOT(AND(ISNUMBER(E7),ISNUMBER(F7))),$J$2=""),"",MIN(100,ROUND(SUM($G7:N7),1))) -> 100 | BL7: =IF(OR(NOT(AND(ISNUMBER(E7),ISNUMBER(F7))),$J$2=""),"",MIN(100,ROUND(SUM($G7:O7),1))) -> 100 | BM7: =IF(OR(NOT(AND(ISNUMBER(E7),ISNUMBER(F7))),$J$2=""),"",MIN(100,ROUND(SUM($G7:P7),1))) -> 100 | BN7: =IF(OR(NOT(AND(ISNUMBER(E7),ISNUMBER(F7))),$J$2=""),"",MIN(100,ROUND(SUM($G7:P7),1))) -> 100 | BO7: =IF(OR(NOT(AND(ISNUMBER(E7),ISNUMBER(F7))),$J$2=""),"",MIN(100,ROUND(SUM($G7:P7),1))) -> 100 | BP7: =IF(OR(NOT(AND(ISNUMBER(E7),ISNUMBER(F7))),$J$2=""),"",MIN(100,ROUND(SUM($G7:P7),1))) -> 100 | BQ7: =IF(OR(NOT(AND(ISNUMBER(E7),ISNUMBER(F7))),$J$2=""),"",MIN(100,ROUND(SUM($G7:P7),1))) -> 100 | BR7: =IF(OR(NOT(AND(ISNUMBER(E7),ISNUMBER(F7))),$J$2=""),"",MIN(100,ROUND(SUM($G7:P7),1))) -> 100 | BS7: =IF(OR(NOT(AND(ISNUMBER(E7),ISNUMBER(F7))),$J$2=""),"",MIN(100,ROUND(SUM($G7:P7),1))) -> 100 | BT7: =IF(OR(NOT(AND(ISNUMBER(E7),ISNUMBER(F7))),$J$2=""),"",IF(Reprogramaciones!K$13<Reprogramaciones!$T$15,0,IF(Reprogramaciones!K$14>10,MIN(100,SUM($G7:$P7)),MIN(100,SUMPRODUCT((COLUMN($G7:$P7)-COLUMN($G7)+1<Reprogramaciones!K$14)*$G7:$P7)+N(INDEX($G7:$P7,1,Reprogramaciones!K$14))*IF(Reprogramaciones!K$13>=(Reprogramaciones!$T$15+7*(Reprogramaciones!K$14-1))+6,1,IF(MAX(0,NETWORKDAYS.INTL(MAX(E7,(Reprogramaciones!$T$15+7*(Reprogramaciones!K$14-1))),MIN(F7,(Reprogramaciones!$T$15+7*(Reprogramaciones!K$14-1))+6),11))=0,0,MAX(0,NETWORKDAYS.INTL(MAX(E7,(Reprogramaciones!$T$15+7*(Reprogramaciones!K$14-1))),MIN(F7,Reprogramaciones!K$13),11))/MAX(0,NETWORKDAYS.INTL(MAX(E7,(Reprogramaciones!$T$15+7*(Reprogramaciones!K$14-1))),MIN(F7,(Reprogramaciones!$T$15+7*(Reprogramaciones!K$14-1))+6),11)))))))) -> 100 | BU7: =IF(OR(NOT(AND(ISNUMBER(E7),ISNUMBER(F7))),$J$2=""),"",IF(Reprogramaciones!L$13<Reprogramaciones!$T$15,0,IF(Reprogramaciones!L$14>10,MIN(100,SUM($G7:$P7)),MIN(100,SUMPRODUCT((COLUMN($G7:$P7)-COLUMN($G7)+1<Reprogramaciones!L$14)*$G7:$P7)+N(INDEX($G7:$P7,1,Reprogramaciones!L$14))*IF(Reprogramaciones!L$13>=(Reprogramaciones!$T$15+7*(Reprogramaciones!L$14-1))+6,1,IF(MAX(0,NETWORKDAYS.INTL(MAX(E7,(Reprogramaciones!$T$15+7*(Reprogramaciones!L$14-1))),MIN(F7,(Reprogramaciones!$T$15+7*(Reprogramaciones!L$14-1))+6),11))=0,0,MAX(0,NETWORKDAYS.INTL(MAX(E7,(Reprogramaciones!$T$15+7*(Reprogramaciones!L$14-1))),MIN(F7,Reprogramaciones!L$13),11))/MAX(0,NETWORKDAYS.INTL(MAX(E7,(Reprogramaciones!$T$15+7*(Reprogramaciones!L$14-1))),MIN(F7,(Reprogramaciones!$T$15+7*(Reprogramaciones!L$14-1))+6),11)))))))) -> 100 | BV7: =IF(OR(NOT(AND(ISNUMBER(E7),ISNUMBER(F7))),$J$2=""),"",IF(Reprogramaciones!M$13<Reprogramaciones!$T$15,0,IF(Reprogramaciones!M$14>10,MIN(100,SUM($G7:$P7)),MIN(100,SUMPRODUCT((COLUMN($G7:$P7)-COLUMN($G7)+1<Reprogramaciones!M$14)*$G7:$P7)+N(INDEX($G7:$P7,1,Reprogramaciones!M$14))*IF(Reprogramaciones!M$13>=(Reprogramaciones!$T$15+7*(Reprogramaciones!M$14-1))+6,1,IF(MAX(0,NETWORKDAYS.INTL(MAX(E7,(Reprogramaciones!$T$15+7*(Reprogramaciones!M$14-1))),MIN(F7,(Reprogramaciones!$T$15+7*(Reprogramaciones!M$14-1))+6),11))=0,0,MAX(0,NETWORKDAYS.INTL(MAX(E7,(Reprogramaciones!$T$15+7*(Reprogramaciones!M$14-1))),MIN(F7,Reprogramaciones!M$13),11))/MAX(0,NETWORKDAYS.INTL(MAX(E7,(Reprogramaciones!$T$15+7*(Reprogramaciones!M$14-1))),MIN(F7,(Reprogramaciones!$T$15+7*(Reprogramaciones!M$14-1))+6),11)))))))) -> 100 | BW7: =IF(OR(NOT(AND(ISNUMBER(E7),ISNUMBER(F7))),$J$2=""),"",IF(Reprogramaciones!N$13<Reprogramaciones!$T$15,0,IF(Reprogramaciones!N$14>10,MIN(100,SUM($G7:$P7)),MIN(100,SUMPRODUCT((COLUMN($G7:$P7)-COLUMN($G7)+1<Reprogramaciones!N$14)*$G7:$P7)+N(INDEX($G7:$P7,1,Reprogramaciones!N$14))*IF(Reprogramaciones!N$13>=(Reprogramaciones!$T$15+7*(Reprogramaciones!N$14-1))+6,1,IF(MAX(0,NETWORKDAYS.INTL(MAX(E7,(Reprogramaciones!$T$15+7*(Reprogramaciones!N$14-1))),MIN(F7,(Reprogramaciones!$T$15+7*(Reprogramaciones!N$14-1))+6),11))=0,0,MAX(0,NETWORKDAYS.INTL(MAX(E7,(Reprogramaciones!$T$15+7*(Reprogramaciones!N$14-1))),MIN(F7,Reprogramaciones!N$13),11))/MAX(0,NETWORKDAYS.INTL(MAX(E7,(Reprogramaciones!$T$15+7*(Reprogramaciones!N$14-1))),MIN(F7,(Reprogramaciones!$T$15+7*(Reprogramaciones!N$14-1))+6),11)))))))) -> 100 | BX7: =IF(OR(NOT(AND(ISNUMBER(E7),ISNUMBER(F7))),$J$2=""),"",IF(Reprogramaciones!O$13<Reprogramaciones!$T$15,0,IF(Reprogramaciones!O$14>10,MIN(100,SUM($G7:$P7)),MIN(100,SUMPRODUCT((COLUMN($G7:$P7)-COLUMN($G7)+1<Reprogramaciones!O$14)*$G7:$P7)+N(INDEX($G7:$P7,1,Reprogramaciones!O$14))*IF(Reprogramaciones!O$13>=(Reprogramaciones!$T$15+7*(Reprogramaciones!O$14-1))+6,1,IF(MAX(0,NETWORKDAYS.INTL(MAX(E7,(Reprogramaciones!$T$15+7*(Reprogramaciones!O$14-1))),MIN(F7,(Reprogramaciones!$T$15+7*(Reprogramaciones!O$14-1))+6),11))=0,0,MAX(0,NETWORKDAYS.INTL(MAX(E7,(Reprogramaciones!$T$15+7*(Reprogramaciones!O$14-1))),MIN(F7,Reprogramaciones!O$13),11))/MAX(0,NETWORKDAYS.INTL(MAX(E7,(Reprogramaciones!$T$15+7*(Reprogramaciones!O$14-1))),MIN(F7,(Reprogramaciones!$T$15+7*(Reprogramaciones!O$14-1))+6),11)))))))) -> 100 | BY7: =IF(OR(NOT(AND(ISNUMBER(E7),ISNUMBER(F7))),$J$2=""),"",IF(Reprogramaciones!P$13<Reprogramaciones!$T$15,0,IF(Reprogramaciones!P$14>10,MIN(100,SUM($G7:$P7)),MIN(100,SUMPRODUCT((COLUMN($G7:$P7)-COLUMN($G7)+1<Reprogramaciones!P$14)*$G7:$P7)+N(INDEX($G7:$P7,1,Reprogramaciones!P$14))*IF(Reprogramaciones!P$13>=(Reprogramaciones!$T$15+7*(Reprogramaciones!P$14-1))+6,1,IF(MAX(0,NETWORKDAYS.INTL(MAX(E7,(Reprogramaciones!$T$15+7*(Reprogramaciones!P$14-1))),MIN(F7,(Reprogramaciones!$T$15+7*(Reprogramaciones!P$14-1))+6),11))=0,0,MAX(0,NETWORKDAYS.INTL(MAX(E7,(Reprogramaciones!$T$15+7*(Reprogramaciones!P$14-1))),MIN(F7,Reprogramaciones!P$13),11))/MAX(0,NETWORKDAYS.INTL(MAX(E7,(Reprogramaciones!$T$15+7*(Reprogramaciones!P$14-1))),MIN(F7,(Reprogramaciones!$T$15+7*(Reprogramaciones!P$14-1))+6),11)))))))) -> 100 | BZ7: =IF(OR(NOT(AND(ISNUMBER(E7),ISNUMBER(F7))),$J$2=""),"",IF(Reprogramaciones!Q$13<Reprogramaciones!$T$15,0,IF(Reprogramaciones!Q$14>10,MIN(100,SUM($G7:$P7)),MIN(100,SUMPRODUCT((COLUMN($G7:$P7)-COLUMN($G7)+1<Reprogramaciones!Q$14)*$G7:$P7)+N(INDEX($G7:$P7,1,Reprogramaciones!Q$14))*IF(Reprogramaciones!Q$13>=(Reprogramaciones!$T$15+7*(Reprogramaciones!Q$14-1))+6,1,IF(MAX(0,NETWORKDAYS.INTL(MAX(E7,(Reprogramaciones!$T$15+7*(Reprogramaciones!Q$14-1))),MIN(F7,(Reprogramaciones!$T$15+7*(Reprogramaciones!Q$14-1))+6),11))=0,0,MAX(0,NETWORKDAYS.INTL(MAX(E7,(Reprogramaciones!$T$15+7*(Reprogramaciones!Q$14-1))),MIN(F7,Reprogramaciones!Q$13),11))/MAX(0,NETWORKDAYS.INTL(MAX(E7,(Reprogramaciones!$T$15+7*(Reprogramaciones!Q$14-1))),MIN(F7,(Reprogramaciones!$T$15+7*(Reprogramaciones!Q$14-1))+6),11)))))))) -> 100 | CA7: =IF(OR(NOT(AND(ISNUMBER(E7),ISNUMBER(F7))),$J$2=""),"",IF(Reprogramaciones!R$13<Reprogramaciones!$T$15,0,IF(Reprogramaciones!R$14>10,MIN(100,SUM($G7:$P7)),MIN(100,SUMPRODUCT((COLUMN($G7:$P7)-COLUMN($G7)+1<Reprogramaciones!R$14)*$G7:$P7)+N(INDEX($G7:$P7,1,Reprogramaciones!R$14))*IF(Reprogramaciones!R$13>=(Reprogramaciones!$T$15+7*(Reprogramaciones!R$14-1))+6,1,IF(MAX(0,NETWORKDAYS.INTL(MAX(E7,(Reprogramaciones!$T$15+7*(Reprogramaciones!R$14-1))),MIN(F7,(Reprogramaciones!$T$15+7*(Reprogramaciones!R$14-1))+6),11))=0,0,MAX(0,NETWORKDAYS.INTL(MAX(E7,(Reprogramaciones!$T$15+7*(Reprogramaciones!R$14-1))),MIN(F7,Reprogramaciones!R$13),11))/MAX(0,NETWORKDAYS.INTL(MAX(E7,(Reprogramaciones!$T$15+7*(Reprogramaciones!R$14-1))),MIN(F7,(Reprogramaciones!$T$15+7*(Reprogramaciones!R$14-1))+6),11)))))))) -> 100 | CB7: =IF(OR(NOT(AND(ISNUMBER(E7),ISNUMBER(F7))),$J$2=""),"",IF(Reprogramaciones!S$13<Reprogramaciones!$T$15,0,IF(Reprogramaciones!S$14>10,MIN(100,SUM($G7:$P7)),MIN(100,SUMPRODUCT((COLUMN($G7:$P7)-COLUMN($G7)+1<Reprogramaciones!S$14)*$G7:$P7)+N(INDEX($G7:$P7,1,Reprogramaciones!S$14))*IF(Reprogramaciones!S$13>=(Reprogramaciones!$T$15+7*(Reprogramaciones!S$14-1))+6,1,IF(MAX(0,NETWORKDAYS.INTL(MAX(E7,(Reprogramaciones!$T$15+7*(Reprogramaciones!S$14-1))),MIN(F7,(Reprogramaciones!$T$15+7*(Reprogramaciones!S$14-1))+6),11))=0,0,MAX(0,NETWORKDAYS.INTL(MAX(E7,(Reprogramaciones!$T$15+7*(Reprogramaciones!S$14-1))),MIN(F7,Reprogramaciones!S$13),11))/MAX(0,NETWORKDAYS.INTL(MAX(E7,(Reprogramaciones!$T$15+7*(Reprogramaciones!S$14-1))),MIN(F7,(Reprogramaciones!$T$15+7*(Reprogramaciones!S$14-1))+6),11)))))))) -> 100 | CC7: =IF(OR(NOT(AND(ISNUMBER(E7),ISNUMBER(F7))),$J$2=""),"",IF(Reprogramaciones!T$13<Reprogramaciones!$T$15,0,IF(Reprogramaciones!T$14>10,MIN(100,SUM($G7:$P7)),MIN(100,SUMPRODUCT((COLUMN($G7:$P7)-COLUMN($G7)+1<Reprogramaciones!T$14)*$G7:$P7)+N(INDEX($G7:$P7,1,Reprogramaciones!T$14))*IF(Reprogramaciones!T$13>=(Reprogramaciones!$T$15+7*(Reprogramaciones!T$14-1))+6,1,IF(MAX(0,NETWORKDAYS.INTL(MAX(E7,(Reprogramaciones!$T$15+7*(Reprogramaciones!T$14-1))),MIN(F7,(Reprogramaciones!$T$15+7*(Reprogramaciones!T$14-1))+6),11))=0,0,MAX(0,NETWORKDAYS.INTL(MAX(E7,(Reprogramaciones!$T$15+7*(Reprogramaciones!T$14-1))),MIN(F7,Reprogramaciones!T$13),11))/MAX(0,NETWORKDAYS.INTL(MAX(E7,(Reprogramaciones!$T$15+7*(Reprogramaciones!T$14-1))),MIN(F7,(Reprogramaciones!$T$15+7*(Reprogramaciones!T$14-1))+6),11)))))))) -> 100 | CD7: =IF(OR(NOT(AND(ISNUMBER(E7),ISNUMBER(F7))),$J$2=""),"",IF(Reprogramaciones!U$13<Reprogramaciones!$T$15,0,IF(Reprogramaciones!U$14>10,MIN(100,SUM($G7:$P7)),MIN(100,SUMPRODUCT((COLUMN($G7:$P7)-COLUMN($G7)+1<Reprogramaciones!U$14)*$G7:$P7)+N(INDEX($G7:$P7,1,Reprogramaciones!U$14))*IF(Reprogramaciones!U$13>=(Reprogramaciones!$T$15+7*(Reprogramaciones!U$14-1))+6,1,IF(MAX(0,NETWORKDAYS.INTL(MAX(E7,(Reprogramaciones!$T$15+7*(Reprogramaciones!U$14-1))),MIN(F7,(Reprogramaciones!$T$15+7*(Reprogramaciones!U$14-1))+6),11))=0,0,MAX(0,NETWORKDAYS.INTL(MAX(E7,(Reprogramaciones!$T$15+7*(Reprogramaciones!U$14-1))),MIN(F7,Reprogramaciones!U$13),11))/MAX(0,NETWORKDAYS.INTL(MAX(E7,(Reprogramaciones!$T$15+7*(Reprogramaciones!U$14-1))),MIN(F7,(Reprogramaciones!$T$15+7*(Reprogramaciones!U$14-1))+6),11)))))))) -> 100 | CE7: =IF(OR(NOT(AND(ISNUMBER(E7),ISNUMBER(F7))),$J$2=""),"",IF(Reprogramaciones!V$13<Reprogramaciones!$T$15,0,IF(Reprogramaciones!V$14>10,MIN(100,SUM($G7:$P7)),MIN(100,SUMPRODUCT((COLUMN($G7:$P7)-COLUMN($G7)+1<Reprogramaciones!V$14)*$G7:$P7)+N(INDEX($G7:$P7,1,Reprogramaciones!V$14))*IF(Reprogramaciones!V$13>=(Reprogramaciones!$T$15+7*(Reprogramaciones!V$14-1))+6,1,IF(MAX(0,NETWORKDAYS.INTL(MAX(E7,(Reprogramaciones!$T$15+7*(Reprogramaciones!V$14-1))),MIN(F7,(Reprogramaciones!$T$15+7*(Reprogramaciones!V$14-1))+6),11))=0,0,MAX(0,NETWORKDAYS.INTL(MAX(E7,(Reprogramaciones!$T$15+7*(Reprogramaciones!V$14-1))),MIN(F7,Reprogramaciones!V$13),11))/MAX(0,NETWORKDAYS.INTL(MAX(E7,(Reprogramaciones!$T$15+7*(Reprogramaciones!V$14-1))),MIN(F7,(Reprogramaciones!$T$15+7*(Reprogramaciones!V$14-1))+6),11)))))))) -> 100 | CF7: =IF(OR(NOT(AND(ISNUMBER(E7),ISNUMBER(F7))),$J$2=""),"",IF(Reprogramaciones!W$13<Reprogramaciones!$T$15,0,IF(Reprogramaciones!W$14>10,MIN(100,SUM($G7:$P7)),MIN(100,SUMPRODUCT((COLUMN($G7:$P7)-COLUMN($G7)+1<Reprogramaciones!W$14)*$G7:$P7)+N(INDEX($G7:$P7,1,Reprogramaciones!W$14))*IF(Reprogramaciones!W$13>=(Reprogramaciones!$T$15+7*(Reprogramaciones!W$14-1))+6,1,IF(MAX(0,NETWORKDAYS.INTL(MAX(E7,(Reprogramaciones!$T$15+7*(Reprogramaciones!W$14-1))),MIN(F7,(Reprogramaciones!$T$15+7*(Reprogramaciones!W$14-1))+6),11))=0,0,MAX(0,NETWORKDAYS.INTL(MAX(E7,(Reprogramaciones!$T$15+7*(Reprogramaciones!W$14-1))),MIN(F7,Reprogramaciones!W$13),11))/MAX(0,NETWORKDAYS.INTL(MAX(E7,(Reprogramaciones!$T$15+7*(Reprogramaciones!W$14-1))),MIN(F7,(Reprogramaciones!$T$15+7*(Reprogramaciones!W$14-1))+6),11)))))))) -> 100 | CG7: =IF(OR(NOT(AND(ISNUMBER(E7),ISNUMBER(F7))),$J$2=""),"",IF(Reprogramaciones!X$13<Reprogramaciones!$T$15,0,IF(Reprogramaciones!X$14>10,MIN(100,SUM($G7:$P7)),MIN(100,SUMPRODUCT((COLUMN($G7:$P7)-COLUMN($G7)+1<Reprogramaciones!X$14)*$G7:$P7)+N(INDEX($G7:$P7,1,Reprogramaciones!X$14))*IF(Reprogramaciones!X$13>=(Reprogramaciones!$T$15+7*(Reprogramaciones!X$14-1))+6,1,IF(MAX(0,NETWORKDAYS.INTL(MAX(E7,(Reprogramaciones!$T$15+7*(Reprogramaciones!X$14-1))),MIN(F7,(Reprogramaciones!$T$15+7*(Reprogramaciones!X$14-1))+6),11))=0,0,MAX(0,NETWORKDAYS.INTL(MAX(E7,(Reprogramaciones!$T$15+7*(Reprogramaciones!X$14-1))),MIN(F7,Reprogramaciones!X$13),11))/MAX(0,NETWORKDAYS.INTL(MAX(E7,(Reprogramaciones!$T$15+7*(Reprogramaciones!X$14-1))),MIN(F7,(Reprogramaciones!$T$15+7*(Reprogramaciones!X$14-1))+6),11)))))))) -> 100 | CH7: =IF(OR(NOT(AND(ISNUMBER(E7),ISNUMBER(F7))),$J$2=""),"",IF(Reprogramaciones!Y$13<Reprogramaciones!$T$15,0,IF(Reprogramaciones!Y$14>10,MIN(100,SUM($G7:$P7)),MIN(100,SUMPRODUCT((COLUMN($G7:$P7)-COLUMN($G7)+1<Reprogramaciones!Y$14)*$G7:$P7)+N(INDEX($G7:$P7,1,Reprogramaciones!Y$14))*IF(Reprogramaciones!Y$13>=(Reprogramaciones!$T$15+7*(Reprogramaciones!Y$14-1))+6,1,IF(MAX(0,NETWORKDAYS.INTL(MAX(E7,(Reprogramaciones!$T$15+7*(Reprogramaciones!Y$14-1))),MIN(F7,(Reprogramaciones!$T$15+7*(Reprogramaciones!Y$14-1))+6),11))=0,0,MAX(0,NETWORKDAYS.INTL(MAX(E7,(Reprogramaciones!$T$15+7*(Reprogramaciones!Y$14-1))),MIN(F7,Reprogramaciones!Y$13),11))/MAX(0,NETWORKDAYS.INTL(MAX(E7,(Reprogramaciones!$T$15+7*(Reprogramaciones!Y$14-1))),MIN(F7,(Reprogramaciones!$T$15+7*(Reprogramaciones!Y$14-1))+6),11)))))))) -> 100 | CI7: =IF(OR(NOT(AND(ISNUMBER(E7),ISNUMBER(F7))),$J$2=""),"",IF(Reprogramaciones!Z$13<Reprogramaciones!$T$15,0,IF(Reprogramaciones!Z$14>10,MIN(100,SUM($G7:$P7)),MIN(100,SUMPRODUCT((COLUMN($G7:$P7)-COLUMN($G7)+1<Reprogramaciones!Z$14)*$G7:$P7)+N(INDEX($G7:$P7,1,Reprogramaciones!Z$14))*IF(Reprogramaciones!Z$13>=(Reprogramaciones!$T$15+7*(Reprogramaciones!Z$14-1))+6,1,IF(MAX(0,NETWORKDAYS.INTL(MAX(E7,(Reprogramaciones!$T$15+7*(Reprogramaciones!Z$14-1))),MIN(F7,(Reprogramaciones!$T$15+7*(Reprogramaciones!Z$14-1))+6),11))=0,0,MAX(0,NETWORKDAYS.INTL(MAX(E7,(Reprogramaciones!$T$15+7*(Reprogramaciones!Z$14-1))),MIN(F7,Reprogramaciones!Z$13),11))/MAX(0,NETWORKDAYS.INTL(MAX(E7,(Reprogramaciones!$T$15+7*(Reprogramaciones!Z$14-1))),MIN(F7,(Reprogramaciones!$T$15+7*(Reprogramaciones!Z$14-1))+6),11)))))))) -> 100 | CJ7: =IF(OR(OR(NOT(AND(ISNUMBER(E7),ISNUMBER(F7))),$J$2=""),1>Reprogramaciones!$K$16),"",IF(ROUND(SUM($Q7:Q7),1)>=99.5,100,MIN(100,ROUND(SUM($Q7:Q7),1)))) -> 100 | CK7: =IF(OR(OR(NOT(AND(ISNUMBER(E7),ISNUMBER(F7))),$J$2=""),2>Reprogramaciones!$K$16),"",IF(ROUND(SUM($Q7:R7),1)>=99.5,100,MIN(100,ROUND(SUM($Q7:R7),1)))) -> 100 | CL7: =IF(OR(OR(NOT(AND(ISNUMBER(E7),ISNUMBER(F7))),$J$2=""),3>Reprogramaciones!$K$16),"",IF(ROUND(SUM($Q7:S7),1)>=99.5,100,MIN(100,ROUND(SUM($Q7:S7),1)))) -> 100 | CM7: =IF(OR(OR(NOT(AND(ISNUMBER(E7),ISNUMBER(F7))),$J$2=""),4>Reprogramaciones!$K$16),"",IF(ROUND(SUM($Q7:T7),1)>=99.5,100,MIN(100,ROUND(SUM($Q7:T7),1)))) -> 100 | CN7: =IF(OR(OR(NOT(AND(ISNUMBER(E7),ISNUMBER(F7))),$J$2=""),5>Reprogramaciones!$K$16),"",IF(ROUND(SUM($Q7:U7),1)>=99.5,100,MIN(100,ROUND(SUM($Q7:U7),1)))) -> 100 | CO7: =IF(OR(OR(NOT(AND(ISNUMBER(E7),ISNUMBER(F7))),$J$2=""),6>Reprogramaciones!$K$16),"",IF(ROUND(SUM($Q7:V7),1)>=99.5,100,MIN(100,ROUND(SUM($Q7:V7),1)))) | CP7: =IF(OR(OR(NOT(AND(ISNUMBER(E7),ISNUMBER(F7))),$J$2=""),7>Reprogramaciones!$K$16),"",IF(ROUND(SUM($Q7:W7),1)>=99.5,100,MIN(100,ROUND(SUM($Q7:W7),1)))) | CQ7: =IF(OR(OR(NOT(AND(ISNUMBER(E7),ISNUMBER(F7))),$J$2=""),8>Reprogramaciones!$K$16),"",IF(ROUND(SUM($Q7:X7),1)>=99.5,100,MIN(100,ROUND(SUM($Q7:X7),1)))) | CR7: =IF(OR(OR(NOT(AND(ISNUMBER(E7),ISNUMBER(F7))),$J$2=""),9>Reprogramaciones!$K$16),"",IF(ROUND(SUM($Q7:Y7),1)>=99.5,100,MIN(100,ROUND(SUM($Q7:Y7),1)))) | CS7: =IF(OR(OR(NOT(AND(ISNUMBER(E7),ISNUMBER(F7))),$J$2=""),10>Reprogramaciones!$K$16),"",IF(ROUND(SUM($Q7:Z7),1)>=99.5,100,MIN(100,ROUND(SUM($Q7:Z7),1)))) | CT7: =IF(OR(OR(NOT(AND(ISNUMBER(E7),ISNUMBER(F7))),$J$2=""),11>Reprogramaciones!$K$16),"",IF(ROUND(SUM($Q7:AA7),1)>=99.5,100,MIN(100,ROUND(SUM($Q7:AA7),1)))) | CU7: =IF(OR(OR(NOT(AND(ISNUMBER(E7),ISNUMBER(F7))),$J$2=""),12>Reprogramaciones!$K$16),"",IF(ROUND(SUM($Q7:AB7),1)>=99.5,100,MIN(100,ROUND(SUM($Q7:AB7),1)))) | CV7: =IF(OR(OR(NOT(AND(ISNUMBER(E7),ISNUMBER(F7))),$J$2=""),13>Reprogramaciones!$K$16),"",IF(ROUND(SUM($Q7:AC7),1)>=99.5,100,MIN(100,ROUND(SUM($Q7:AC7),1)))) | CW7: =IF(OR(OR(NOT(AND(ISNUMBER(E7),ISNUMBER(F7))),$J$2=""),14>Reprogramaciones!$K$16),"",IF(ROUND(SUM($Q7:AD7),1)>=99.5,100,MIN(100,ROUND(SUM($Q7:AD7),1)))) | CX7: =IF(OR(OR(NOT(AND(ISNUMBER(E7),ISNUMBER(F7))),$J$2=""),15>Reprogramaciones!$K$16),"",IF(ROUND(SUM($Q7:AE7),1)>=99.5,100,MIN(100,ROUND(SUM($Q7:AE7),1)))) | CY7: =IF(OR(OR(NOT(AND(ISNUMBER(E7),ISNUMBER(F7))),$J$2=""),16>Reprogramaciones!$K$16),"",IF(ROUND(SUM($Q7:AF7),1)>=99.5,100,MIN(100,ROUND(SUM($Q7:AF7),1)))) | CZ7: =IF(D7<>"",D7,IF(B7<>"","Contractual",CZ6)) -> Contractual | DA7: =IF(OR(NOT(AND(ISNUMBER(E7),ISNUMBER(F7))),$J$2=""),"",IF(Reprogramaciones!$Q$15<Reprogramaciones!$T$15,0,IF(Reprogramaciones!$S$15>10,MIN(100,SUM($G7:$P7)),MIN(100,SUMPRODUCT((COLUMN($G7:$P7)-COLUMN($G7)+1<Reprogramaciones!$S$15)*$G7:$P7)+N(INDEX($G7:$P7,1,Reprogramaciones!$S$15))*IF(Reprogramaciones!$Q$15>=(Reprogramaciones!$T$15+7*(Reprogramaciones!$S$15-1))+6,1,IF(MAX(0,NETWORKDAYS.INTL(MAX(E7,(Reprogramaciones!$T$15+7*(Reprogramaciones!$S$15-1))),MIN(F7,(Reprogramaciones!$T$15+7*(Reprogramaciones!$S$15-1))+6),11))=0,0,MAX(0,NETWORKDAYS.INTL(MAX(E7,(Reprogramaciones!$T$15+7*(Reprogramaciones!$S$15-1))),MIN(F7,Reprogramaciones!$Q$15),11))/MAX(0,NETWORKDAYS.INTL(MAX(E7,(Reprogramaciones!$T$15+7*(Reprogramaciones!$S$15-1))),MIN(F7,(Reprogramaciones!$T$15+7*(Reprogramaciones!$S$15-1))+6),11)))))))) -> 100
A8: 01.02 | C8: Cerco y protección de áreas | E8: 46289 | F8: 46290 | G8: =IF(OR(NOT(AND(ISNUMBER(E8),ISNUMBER(F8))),$J$2=""),"",IF(Reprogramaciones!K$9<E8,0,IF(NETWORKDAYS.INTL(E8,F8,11)=0,IF(Reprogramaciones!K$9>=F8,100,0),ROUND(NETWORKDAYS.INTL(E8,MIN(F8,Reprogramaciones!K$9),11)/NETWORKDAYS.INTL(E8,F8,11)*100,1)))-0) -> 100 | H8: =IF(OR(NOT(AND(ISNUMBER(E8),ISNUMBER(F8))),$J$2=""),"",IF(Reprogramaciones!L$9<E8,0,IF(NETWORKDAYS.INTL(E8,F8,11)=0,IF(Reprogramaciones!L$9>=F8,100,0),ROUND(NETWORKDAYS.INTL(E8,MIN(F8,Reprogramaciones!L$9),11)/NETWORKDAYS.INTL(E8,F8,11)*100,1)))-IF(Reprogramaciones!K$9<E8,0,IF(NETWORKDAYS.INTL(E8,F8,11)=0,IF(Reprogramaciones!K$9>=F8,100,0),ROUND(NETWORKDAYS.INTL(E8,MIN(F8,Reprogramaciones!K$9),11)/NETWORKDAYS.INTL(E8,F8,11)*100,1)))) -> 0 | I8: =IF(OR(NOT(AND(ISNUMBER(E8),ISNUMBER(F8))),$J$2=""),"",IF(Reprogramaciones!M$9<E8,0,IF(NETWORKDAYS.INTL(E8,F8,11)=0,IF(Reprogramaciones!M$9>=F8,100,0),ROUND(NETWORKDAYS.INTL(E8,MIN(F8,Reprogramaciones!M$9),11)/NETWORKDAYS.INTL(E8,F8,11)*100,1)))-IF(Reprogramaciones!L$9<E8,0,IF(NETWORKDAYS.INTL(E8,F8,11)=0,IF(Reprogramaciones!L$9>=F8,100,0),ROUND(NETWORKDAYS.INTL(E8,MIN(F8,Reprogramaciones!L$9),11)/NETWORKDAYS.INTL(E8,F8,11)*100,1)))) -> 0 | J8: =IF(OR(NOT(AND(ISNUMBER(E8),ISNUMBER(F8))),$J$2=""),"",IF(Reprogramaciones!N$9<E8,0,IF(NETWORKDAYS.INTL(E8,F8,11)=0,IF(Reprogramaciones!N$9>=F8,100,0),ROUND(NETWORKDAYS.INTL(E8,MIN(F8,Reprogramaciones!N$9),11)/NETWORKDAYS.INTL(E8,F8,11)*100,1)))-IF(Reprogramaciones!M$9<E8,0,IF(NETWORKDAYS.INTL(E8,F8,11)=0,IF(Reprogramaciones!M$9>=F8,100,0),ROUND(NETWORKDAYS.INTL(E8,MIN(F8,Reprogramaciones!M$9),11)/NETWORKDAYS.INTL(E8,F8,11)*100,1)))) -> 0 | K8: =IF(OR(NOT(AND(ISNUMBER(E8),ISNUMBER(F8))),$J$2=""),"",IF(Reprogramaciones!O$9<E8,0,IF(NETWORKDAYS.INTL(E8,F8,11)=0,IF(Reprogramaciones!O$9>=F8,100,0),ROUND(NETWORKDAYS.INTL(E8,MIN(F8,Reprogramaciones!O$9),11)/NETWORKDAYS.INTL(E8,F8,11)*100,1)))-IF(Reprogramaciones!N$9<E8,0,IF(NETWORKDAYS.INTL(E8,F8,11)=0,IF(Reprogramaciones!N$9>=F8,100,0),ROUND(NETWORKDAYS.INTL(E8,MIN(F8,Reprogramaciones!N$9),11)/NETWORKDAYS.INTL(E8,F8,11)*100,1)))) -> 0 | L8: =IF(OR(NOT(AND(ISNUMBER(E8),ISNUMBER(F8))),$J$2=""),"",IF(Reprogramaciones!P$9<E8,0,IF(NETWORKDAYS.INTL(E8,F8,11)=0,IF(Reprogramaciones!P$9>=F8,100,0),ROUND(NETWORKDAYS.INTL(E8,MIN(F8,Reprogramaciones!P$9),11)/NETWORKDAYS.INTL(E8,F8,11)*100,1)))-IF(Reprogramaciones!O$9<E8,0,IF(NETWORKDAYS.INTL(E8,F8,11)=0,IF(Reprogramaciones!O$9>=F8,100,0),ROUND(NETWORKDAYS.INTL(E8,MIN(F8,Reprogramaciones!O$9),11)/NETWORKDAYS.INTL(E8,F8,11)*100,1)))) -> 0 | M8: =IF(OR(NOT(AND(ISNUMBER(E8),ISNUMBER(F8))),$J$2=""),"",IF(Reprogramaciones!Q$9<E8,0,IF(NETWORKDAYS.INTL(E8,F8,11)=0,IF(Reprogramaciones!Q$9>=F8,100,0),ROUND(NETWORKDAYS.INTL(E8,MIN(F8,Reprogramaciones!Q$9),11)/NETWORKDAYS.INTL(E8,F8,11)*100,1)))-IF(Reprogramaciones!P$9<E8,0,IF(NETWORKDAYS.INTL(E8,F8,11)=0,IF(Reprogramaciones!P$9>=F8,100,0),ROUND(NETWORKDAYS.INTL(E8,MIN(F8,Reprogramaciones!P$9),11)/NETWORKDAYS.INTL(E8,F8,11)*100,1)))) -> 0 | N8: =IF(OR(NOT(AND(ISNUMBER(E8),ISNUMBER(F8))),$J$2=""),"",IF(Reprogramaciones!R$9<E8,0,IF(NETWORKDAYS.INTL(E8,F8,11)=0,IF(Reprogramaciones!R$9>=F8,100,0),ROUND(NETWORKDAYS.INTL(E8,MIN(F8,Reprogramaciones!R$9),11)/NETWORKDAYS.INTL(E8,F8,11)*100,1)))-IF(Reprogramaciones!Q$9<E8,0,IF(NETWORKDAYS.INTL(E8,F8,11)=0,IF(Reprogramaciones!Q$9>=F8,100,0),ROUND(NETWORKDAYS.INTL(E8,MIN(F8,Reprogramaciones!Q$9),11)/NETWORKDAYS.INTL(E8,F8,11)*100,1)))) -> 0 | O8: =IF(OR(NOT(AND(ISNUMBER(E8),ISNUMBER(F8))),$J$2=""),"",IF(Reprogramaciones!S$9<E8,0,IF(NETWORKDAYS.INTL(E8,F8,11)=0,IF(Reprogramaciones!S$9>=F8,100,0),ROUND(NETWORKDAYS.INTL(E8,MIN(F8,Reprogramaciones!S$9),11)/NETWORKDAYS.INTL(E8,F8,11)*100,1)))-IF(Reprogramaciones!R$9<E8,0,IF(NETWORKDAYS.INTL(E8,F8,11)=0,IF(Reprogramaciones!R$9>=F8,100,0),ROUND(NETWORKDAYS.INTL(E8,MIN(F8,Reprogramaciones!R$9),11)/NETWORKDAYS.INTL(E8,F8,11)*100,1)))) -> 0 | P8: =IF(OR(NOT(AND(ISNUMBER(E8),ISNUMBER(F8))),$J$2=""),"",IF(Reprogramaciones!T$9<E8,0,IF(NETWORKDAYS.INTL(E8,F8,11)=0,IF(Reprogramaciones!T$9>=F8,100,0),ROUND(NETWORKDAYS.INTL(E8,MIN(F8,Reprogramaciones!T$9),11)/NETWORKDAYS.INTL(E8,F8,11)*100,1)))-IF(Reprogramaciones!S$9<E8,0,IF(NETWORKDAYS.INTL(E8,F8,11)=0,IF(Reprogramaciones!S$9>=F8,100,0),ROUND(NETWORKDAYS.INTL(E8,MIN(F8,Reprogramaciones!S$9),11)/NETWORKDAYS.INTL(E8,F8,11)*100,1)))) -> 0 | Q8: 100 | AG8: =IF(AND(ISNUMBER(E8),ISNUMBER(F8)),NETWORKDAYS.INTL(E8,F8,11),"") -> 2 | AH8: =IF(OR(NOT(AND(ISNUMBER(E8),ISNUMBER(F8))),$J$2=""),"",IF(Reprogramaciones!$P$15<Reprogramaciones!$T$15,0,IF(Reprogramaciones!$R$15>10,MIN(100,SUM($G8:$P8)),MIN(100,SUMPRODUCT((COLUMN($G8:$P8)-COLUMN($G8)+1<Reprogramaciones!$R$15)*$G8:$P8)+N(INDEX($G8:$P8,1,Reprogramaciones!$R$15))*IF(Reprogramaciones!$P$15>=(Reprogramaciones!$T$15+7*(Reprogramaciones!$R$15-1))+6,1,IF(MAX(0,NETWORKDAYS.INTL(MAX(E8,(Reprogramaciones!$T$15+7*(Reprogramaciones!$R$15-1))),MIN(F8,(Reprogramaciones!$T$15+7*(Reprogramaciones!$R$15-1))+6),11))=0,0,MAX(0,NETWORKDAYS.INTL(MAX(E8,(Reprogramaciones!$T$15+7*(Reprogramaciones!$R$15-1))),MIN(F8,Reprogramaciones!$P$15),11))/MAX(0,NETWORKDAYS.INTL(MAX(E8,(Reprogramaciones!$T$15+7*(Reprogramaciones!$R$15-1))),MIN(F8,(Reprogramaciones!$T$15+7*(Reprogramaciones!$R$15-1))+6),11)))))))) -> 100 | AI8: =IF(COUNT($Q8:$AF8)=0,"",IF(ROUND(SUM($Q8:$AF8),1)>=99.5,100,MIN(100,ROUND(SUM($Q8:$AF8),1)))) -> 100 | AJ8: =IF(OR(AH8="",AI8=""),"",AI8-AH8) -> 0 | AK8: =IF(AH8="","",IF(OR(Ficha!$C$10="Suspendida",Ficha!$C$10="Cancelada"),Ficha!$C$10,IF(AND(AI8<>"",N(AI8)>=100),"Completada",IF(AND(E8>TODAY(),N(AI8)=0),"Por iniciar",IF(N(AI8)+0.5<AH8,"Retrasada",IF(N(AI8)+0.5<DA8,IF(Reprogramaciones!$K$15>0,"Al día · Sem "&Reprogramaciones!$K$15&" en curso","Al día · en curso"),"A tiempo")))))) -> Completada | AL8: =IF(AND(A8="",AND(B8="",C8="",E8="",F8="",COUNT(Q8:AF8)=0)),"",IF(AND(B8="",C8="",E8="",F8="",COUNT(Q8:AF8)=0),"Falta la partida o subpartida",IF(AND(A8<>"",COUNTIF($A$6:$A$305,A8)>1),"Ítem repetido",IF(AND(C8="",E8="",F8="",COUNT(Q8:AF8)=0),"Título de partida",IF(OR(E8="",F8=""),"Faltan fechas",IF(OR(ISTEXT(E8),ISTEXT(F8)),"Fecha escrita como texto: usa dd/mm/aaaa",IF(F8<E8,"Fin antes del inicio",IF(IF($J$2="",FALSE(),OR(E8<$J$2,F8>Reprogramaciones!$T$15+69)),"Fuera de las 10 semanas",IF(ABS(SUM(G8:P8)-100)>0.5,"La meta no suma 100%",IF(ROUND(SUM(Q8:AF8),1)>100.5,"El avance pasa de 100%",IF(MIN(Q8:AF8)<0,"Avance negativo",IF(COUNTA(Q8:AF8)>COUNT(Q8:AF8),"Avance escrito como texto",IF(SUMPRODUCT((Q8:AF8>0)*(Q8:AF8<1))>0,"Avance menor a 1: escribe 50, no 50%",IF(SUMPRODUCT(ISNUMBER(Q8:AF8)*(Reprogramaciones!$K$8:$Z$8>TODAY()))>0,"Avance en semana que aún no llega",IF(AND(N(Reprogramaciones!$E$21)>0,F8>Reprogramaciones!$E$21),"Pasa el fin de la obra: registra una reprogramación",IF(AND(N(Reprogramaciones!$E$21)>0,SUMPRODUCT(ISNUMBER(Q8:AF8)*(Reprogramaciones!$K$8:$Z$8>Reprogramaciones!$E$21))>0),"Avance después del fin de la obra: registra una reprogramación por atraso","OK")))))))))))))))) -> OK | AM8: =IF(OR(OR(NOT(AND(ISNUMBER(E8),ISNUMBER(F8))),$J$2=""),1>MAX(1,Reprogramaciones!$U$15)),"",IF(Reprogramaciones!K$12>=7,"",IF(OR(BT8-N(0)>0.05,N(Q8)>0),ROUNDDOWN(ROUND(BT8,6),0)&"%"&IF(CJ8="",""," / "&CJ8&"%"),IF(AND(N(0)>=99.95,CJ8<>"",N(CJ8)<100),"Pend. "&CJ8&"%","")))) -> 100% / 100% | AN8: =IF(OR(OR(NOT(AND(ISNUMBER(E8),ISNUMBER(F8))),$J$2=""),2>MAX(1,Reprogramaciones!$U$15)),"",IF(Reprogramaciones!L$12>=7,"",IF(OR(BU8-N(BT8)>0.05,N(R8)>0),ROUNDDOWN(ROUND(BU8,6),0)&"%"&IF(CK8="",""," / "&CK8&"%"),IF(AND(N(BT8)>=99.95,CK8<>"",N(CK8)<100),"Pend. "&CK8&"%","")))) | AO8: =IF(OR(OR(NOT(AND(ISNUMBER(E8),ISNUMBER(F8))),$J$2=""),3>MAX(1,Reprogramaciones!$U$15)),"",IF(Reprogramaciones!M$12>=7,"",IF(OR(BV8-N(BU8)>0.05,N(S8)>0),ROUNDDOWN(ROUND(BV8,6),0)&"%"&IF(CL8="",""," / "&CL8&"%"),IF(AND(N(BU8)>=99.95,CL8<>"",N(CL8)<100),"Pend. "&CL8&"%","")))) | AP8: =IF(OR(OR(NOT(AND(ISNUMBER(E8),ISNUMBER(F8))),$J$2=""),4>MAX(1,Reprogramaciones!$U$15)),"",IF(Reprogramaciones!N$12>=7,"",IF(OR(BW8-N(BV8)>0.05,N(T8)>0),ROUNDDOWN(ROUND(BW8,6),0)&"%"&IF(CM8="",""," / "&CM8&"%"),IF(AND(N(BV8)>=99.95,CM8<>"",N(CM8)<100),"Pend. "&CM8&"%","")))) | AQ8: =IF(OR(OR(NOT(AND(ISNUMBER(E8),ISNUMBER(F8))),$J$2=""),5>MAX(1,Reprogramaciones!$U$15)),"",IF(Reprogramaciones!O$12>=7,"",IF(OR(BX8-N(BW8)>0.05,N(U8)>0),ROUNDDOWN(ROUND(BX8,6),0)&"%"&IF(CN8="",""," / "&CN8&"%"),IF(AND(N(BW8)>=99.95,CN8<>"",N(CN8)<100),"Pend. "&CN8&"%","")))) | AR8: =IF(OR(OR(NOT(AND(ISNUMBER(E8),ISNUMBER(F8))),$J$2=""),6>MAX(1,Reprogramaciones!$U$15)),"",IF(Reprogramaciones!P$12>=7,"",IF(OR(BY8-N(BX8)>0.05,N(V8)>0),ROUNDDOWN(ROUND(BY8,6),0)&"%"&IF(CO8="",""," / "&CO8&"%"),IF(AND(N(BX8)>=99.95,CO8<>"",N(CO8)<100),"Pend. "&CO8&"%","")))) | AS8: =IF(OR(OR(NOT(AND(ISNUMBER(E8),ISNUMBER(F8))),$J$2=""),7>MAX(1,Reprogramaciones!$U$15)),"",IF(Reprogramaciones!Q$12>=7,"",IF(OR(BZ8-N(BY8)>0.05,N(W8)>0),ROUNDDOWN(ROUND(BZ8,6),0)&"%"&IF(CP8="",""," / "&CP8&"%"),IF(AND(N(BY8)>=99.95,CP8<>"",N(CP8)<100),"Pend. "&CP8&"%","")))) | AT8: =IF(OR(OR(NOT(AND(ISNUMBER(E8),ISNUMBER(F8))),$J$2=""),8>MAX(1,Reprogramaciones!$U$15)),"",IF(Reprogramaciones!R$12>=7,"",IF(OR(CA8-N(BZ8)>0.05,N(X8)>0),ROUNDDOWN(ROUND(CA8,6),0)&"%"&IF(CQ8="",""," / "&CQ8&"%"),IF(AND(N(BZ8)>=99.95,CQ8<>"",N(CQ8)<100),"Pend. "&CQ8&"%","")))) | AU8: =IF(OR(OR(NOT(AND(ISNUMBER(E8),ISNUMBER(F8))),$J$2=""),9>MAX(1,Reprogramaciones!$U$15)),"",IF(Reprogramaciones!S$12>=7,"",IF(OR(CB8-N(CA8)>0.05,N(Y8)>0),ROUNDDOWN(ROUND(CB8,6),0)&"%"&IF(CR8="",""," / "&CR8&"%"),IF(AND(N(CA8)>=99.95,CR8<>"",N(CR8)<100),"Pend. "&CR8&"%","")))) | AV8: =IF(OR(OR(NOT(AND(ISNUMBER(E8),ISNUMBER(F8))),$J$2=""),10>MAX(1,Reprogramaciones!$U$15)),"",IF(Reprogramaciones!T$12>=7,"",IF(OR(CC8-N(CB8)>0.05,N(Z8)>0),ROUNDDOWN(ROUND(CC8,6),0)&"%"&IF(CS8="",""," / "&CS8&"%"),IF(AND(N(CB8)>=99.95,CS8<>"",N(CS8)<100),"Pend. "&CS8&"%","")))) | AW8: =IF(OR(OR(NOT(AND(ISNUMBER(E8),ISNUMBER(F8))),$J$2=""),11>MAX(1,Reprogramaciones!$U$15)),"",IF(Reprogramaciones!U$12>=7,"",IF(OR(CD8-N(CC8)>0.05,N(AA8)>0),ROUNDDOWN(ROUND(CD8,6),0)&"%"&IF(CT8="",""," / "&CT8&"%"),IF(AND(N(CC8)>=99.95,CT8<>"",N(CT8)<100),"Pend. "&CT8&"%","")))) | AX8: =IF(OR(OR(NOT(AND(ISNUMBER(E8),ISNUMBER(F8))),$J$2=""),12>MAX(1,Reprogramaciones!$U$15)),"",IF(Reprogramaciones!V$12>=7,"",IF(OR(CE8-N(CD8)>0.05,N(AB8)>0),ROUNDDOWN(ROUND(CE8,6),0)&"%"&IF(CU8="",""," / "&CU8&"%"),IF(AND(N(CD8)>=99.95,CU8<>"",N(CU8)<100),"Pend. "&CU8&"%","")))) | AY8: =IF(OR(OR(NOT(AND(ISNUMBER(E8),ISNUMBER(F8))),$J$2=""),13>MAX(1,Reprogramaciones!$U$15)),"",IF(Reprogramaciones!W$12>=7,"",IF(OR(CF8-N(CE8)>0.05,N(AC8)>0),ROUNDDOWN(ROUND(CF8,6),0)&"%"&IF(CV8="",""," / "&CV8&"%"),IF(AND(N(CE8)>=99.95,CV8<>"",N(CV8)<100),"Pend. "&CV8&"%","")))) | AZ8: =IF(OR(OR(NOT(AND(ISNUMBER(E8),ISNUMBER(F8))),$J$2=""),14>MAX(1,Reprogramaciones!$U$15)),"",IF(Reprogramaciones!X$12>=7,"",IF(OR(CG8-N(CF8)>0.05,N(AD8)>0),ROUNDDOWN(ROUND(CG8,6),0)&"%"&IF(CW8="",""," / "&CW8&"%"),IF(AND(N(CF8)>=99.95,CW8<>"",N(CW8)<100),"Pend. "&CW8&"%","")))) | BA8: =IF(OR(OR(NOT(AND(ISNUMBER(E8),ISNUMBER(F8))),$J$2=""),15>MAX(1,Reprogramaciones!$U$15)),"",IF(Reprogramaciones!Y$12>=7,"",IF(OR(CH8-N(CG8)>0.05,N(AE8)>0),ROUNDDOWN(ROUND(CH8,6),0)&"%"&IF(CX8="",""," / "&CX8&"%"),IF(AND(N(CG8)>=99.95,CX8<>"",N(CX8)<100),"Pend. "&CX8&"%","")))) | BB8: =IF(OR(OR(NOT(AND(ISNUMBER(E8),ISNUMBER(F8))),$J$2=""),16>MAX(1,Reprogramaciones!$U$15)),"",IF(Reprogramaciones!Z$12>=7,"",IF(OR(CI8-N(CH8)>0.05,N(AF8)>0),ROUNDDOWN(ROUND(CI8,6),0)&"%"&IF(CY8="",""," / "&CY8&"%"),IF(AND(N(CH8)>=99.95,CY8<>"",N(CY8)<100),"Pend. "&CY8&"%","")))) | BC8: =IF(AND(ISNUMBER(E8),ISNUMBER(F8)),MAX(1,NETWORKDAYS.INTL(E8,F8,11)),0) -> 2 | BD8: =IF(OR(NOT(AND(ISNUMBER(E8),ISNUMBER(F8))),$J$2=""),"",MIN(100,ROUND(SUM($G8:G8),1))) -> 100 | BE8: =IF(OR(NOT(AND(ISNUMBER(E8),ISNUMBER(F8))),$J$2=""),"",MIN(100,ROUND(SUM($G8:H8),1))) -> 100 | BF8: =IF(OR(NOT(AND(ISNUMBER(E8),ISNUMBER(F8))),$J$2=""),"",MIN(100,ROUND(SUM($G8:I8),1))) -> 100 | BG8: =IF(OR(NOT(AND(ISNUMBER(E8),ISNUMBER(F8))),$J$2=""),"",MIN(100,ROUND(SUM($G8:J8),1))) -> 100 | BH8: =IF(OR(NOT(AND(ISNUMBER(E8),ISNUMBER(F8))),$J$2=""),"",MIN(100,ROUND(SUM($G8:K8),1))) -> 100 | BI8: =IF(OR(NOT(AND(ISNUMBER(E8),ISNUMBER(F8))),$J$2=""),"",MIN(100,ROUND(SUM($G8:L8),1))) -> 100 | BJ8: =IF(OR(NOT(AND(ISNUMBER(E8),ISNUMBER(F8))),$J$2=""),"",MIN(100,ROUND(SUM($G8:M8),1))) -> 100 | BK8: =IF(OR(NOT(AND(ISNUMBER(E8),ISNUMBER(F8))),$J$2=""),"",MIN(100,ROUND(SUM($G8:N8),1))) -> 100 | BL8: =IF(OR(NOT(AND(ISNUMBER(E8),ISNUMBER(F8))),$J$2=""),"",MIN(100,ROUND(SUM($G8:O8),1))) -> 100 | BM8: =IF(OR(NOT(AND(ISNUMBER(E8),ISNUMBER(F8))),$J$2=""),"",MIN(100,ROUND(SUM($G8:P8),1))) -> 100 | BN8: =IF(OR(NOT(AND(ISNUMBER(E8),ISNUMBER(F8))),$J$2=""),"",MIN(100,ROUND(SUM($G8:P8),1))) -> 100 | BO8: =IF(OR(NOT(AND(ISNUMBER(E8),ISNUMBER(F8))),$J$2=""),"",MIN(100,ROUND(SUM($G8:P8),1))) -> 100 | BP8: =IF(OR(NOT(AND(ISNUMBER(E8),ISNUMBER(F8))),$J$2=""),"",MIN(100,ROUND(SUM($G8:P8),1))) -> 100 | BQ8: =IF(OR(NOT(AND(ISNUMBER(E8),ISNUMBER(F8))),$J$2=""),"",MIN(100,ROUND(SUM($G8:P8),1))) -> 100 | BR8: =IF(OR(NOT(AND(ISNUMBER(E8),ISNUMBER(F8))),$J$2=""),"",MIN(100,ROUND(SUM($G8:P8),1))) -> 100 | BS8: =IF(OR(NOT(AND(ISNUMBER(E8),ISNUMBER(F8))),$J$2=""),"",MIN(100,ROUND(SUM($G8:P8),1))) -> 100 | BT8: =IF(OR(NOT(AND(ISNUMBER(E8),ISNUMBER(F8))),$J$2=""),"",IF(Reprogramaciones!K$13<Reprogramaciones!$T$15,0,IF(Reprogramaciones!K$14>10,MIN(100,SUM($G8:$P8)),MIN(100,SUMPRODUCT((COLUMN($G8:$P8)-COLUMN($G8)+1<Reprogramaciones!K$14)*$G8:$P8)+N(INDEX($G8:$P8,1,Reprogramaciones!K$14))*IF(Reprogramaciones!K$13>=(Reprogramaciones!$T$15+7*(Reprogramaciones!K$14-1))+6,1,IF(MAX(0,NETWORKDAYS.INTL(MAX(E8,(Reprogramaciones!$T$15+7*(Reprogramaciones!K$14-1))),MIN(F8,(Reprogramaciones!$T$15+7*(Reprogramaciones!K$14-1))+6),11))=0,0,MAX(0,NETWORKDAYS.INTL(MAX(E8,(Reprogramaciones!$T$15+7*(Reprogramaciones!K$14-1))),MIN(F8,Reprogramaciones!K$13),11))/MAX(0,NETWORKDAYS.INTL(MAX(E8,(Reprogramaciones!$T$15+7*(Reprogramaciones!K$14-1))),MIN(F8,(Reprogramaciones!$T$15+7*(Reprogramaciones!K$14-1))+6),11)))))))) -> 100 | BU8: =IF(OR(NOT(AND(ISNUMBER(E8),ISNUMBER(F8))),$J$2=""),"",IF(Reprogramaciones!L$13<Reprogramaciones!$T$15,0,IF(Reprogramaciones!L$14>10,MIN(100,SUM($G8:$P8)),MIN(100,SUMPRODUCT((COLUMN($G8:$P8)-COLUMN($G8)+1<Reprogramaciones!L$14)*$G8:$P8)+N(INDEX($G8:$P8,1,Reprogramaciones!L$14))*IF(Reprogramaciones!L$13>=(Reprogramaciones!$T$15+7*(Reprogramaciones!L$14-1))+6,1,IF(MAX(0,NETWORKDAYS.INTL(MAX(E8,(Reprogramaciones!$T$15+7*(Reprogramaciones!L$14-1))),MIN(F8,(Reprogramaciones!$T$15+7*(Reprogramaciones!L$14-1))+6),11))=0,0,MAX(0,NETWORKDAYS.INTL(MAX(E8,(Reprogramaciones!$T$15+7*(Reprogramaciones!L$14-1))),MIN(F8,Reprogramaciones!L$13),11))/MAX(0,NETWORKDAYS.INTL(MAX(E8,(Reprogramaciones!$T$15+7*(Reprogramaciones!L$14-1))),MIN(F8,(Reprogramaciones!$T$15+7*(Reprogramaciones!L$14-1))+6),11)))))))) -> 100 | BV8: =IF(OR(NOT(AND(ISNUMBER(E8),ISNUMBER(F8))),$J$2=""),"",IF(Reprogramaciones!M$13<Reprogramaciones!$T$15,0,IF(Reprogramaciones!M$14>10,MIN(100,SUM($G8:$P8)),MIN(100,SUMPRODUCT((COLUMN($G8:$P8)-COLUMN($G8)+1<Reprogramaciones!M$14)*$G8:$P8)+N(INDEX($G8:$P8,1,Reprogramaciones!M$14))*IF(Reprogramaciones!M$13>=(Reprogramaciones!$T$15+7*(Reprogramaciones!M$14-1))+6,1,IF(MAX(0,NETWORKDAYS.INTL(MAX(E8,(Reprogramaciones!$T$15+7*(Reprogramaciones!M$14-1))),MIN(F8,(Reprogramaciones!$T$15+7*(Reprogramaciones!M$14-1))+6),11))=0,0,MAX(0,NETWORKDAYS.INTL(MAX(E8,(Reprogramaciones!$T$15+7*(Reprogramaciones!M$14-1))),MIN(F8,Reprogramaciones!M$13),11))/MAX(0,NETWORKDAYS.INTL(MAX(E8,(Reprogramaciones!$T$15+7*(Reprogramaciones!M$14-1))),MIN(F8,(Reprogramaciones!$T$15+7*(Reprogramaciones!M$14-1))+6),11)))))))) -> 100 | BW8: =IF(OR(NOT(AND(ISNUMBER(E8),ISNUMBER(F8))),$J$2=""),"",IF(Reprogramaciones!N$13<Reprogramaciones!$T$15,0,IF(Reprogramaciones!N$14>10,MIN(100,SUM($G8:$P8)),MIN(100,SUMPRODUCT((COLUMN($G8:$P8)-COLUMN($G8)+1<Reprogramaciones!N$14)*$G8:$P8)+N(INDEX($G8:$P8,1,Reprogramaciones!N$14))*IF(Reprogramaciones!N$13>=(Reprogramaciones!$T$15+7*(Reprogramaciones!N$14-1))+6,1,IF(MAX(0,NETWORKDAYS.INTL(MAX(E8,(Reprogramaciones!$T$15+7*(Reprogramaciones!N$14-1))),MIN(F8,(Reprogramaciones!$T$15+7*(Reprogramaciones!N$14-1))+6),11))=0,0,MAX(0,NETWORKDAYS.INTL(MAX(E8,(Reprogramaciones!$T$15+7*(Reprogramaciones!N$14-1))),MIN(F8,Reprogramaciones!N$13),11))/MAX(0,NETWORKDAYS.INTL(MAX(E8,(Reprogramaciones!$T$15+7*(Reprogramaciones!N$14-1))),MIN(F8,(Reprogramaciones!$T$15+7*(Reprogramaciones!N$14-1))+6),11)))))))) -> 100 | BX8: =IF(OR(NOT(AND(ISNUMBER(E8),ISNUMBER(F8))),$J$2=""),"",IF(Reprogramaciones!O$13<Reprogramaciones!$T$15,0,IF(Reprogramaciones!O$14>10,MIN(100,SUM($G8:$P8)),MIN(100,SUMPRODUCT((COLUMN($G8:$P8)-COLUMN($G8)+1<Reprogramaciones!O$14)*$G8:$P8)+N(INDEX($G8:$P8,1,Reprogramaciones!O$14))*IF(Reprogramaciones!O$13>=(Reprogramaciones!$T$15+7*(Reprogramaciones!O$14-1))+6,1,IF(MAX(0,NETWORKDAYS.INTL(MAX(E8,(Reprogramaciones!$T$15+7*(Reprogramaciones!O$14-1))),MIN(F8,(Reprogramaciones!$T$15+7*(Reprogramaciones!O$14-1))+6),11))=0,0,MAX(0,NETWORKDAYS.INTL(MAX(E8,(Reprogramaciones!$T$15+7*(Reprogramaciones!O$14-1))),MIN(F8,Reprogramaciones!O$13),11))/MAX(0,NETWORKDAYS.INTL(MAX(E8,(Reprogramaciones!$T$15+7*(Reprogramaciones!O$14-1))),MIN(F8,(Reprogramaciones!$T$15+7*(Reprogramaciones!O$14-1))+6),11)))))))) -> 100 | BY8: =IF(OR(NOT(AND(ISNUMBER(E8),ISNUMBER(F8))),$J$2=""),"",IF(Reprogramaciones!P$13<Reprogramaciones!$T$15,0,IF(Reprogramaciones!P$14>10,MIN(100,SUM($G8:$P8)),MIN(100,SUMPRODUCT((COLUMN($G8:$P8)-COLUMN($G8)+1<Reprogramaciones!P$14)*$G8:$P8)+N(INDEX($G8:$P8,1,Reprogramaciones!P$14))*IF(Reprogramaciones!P$13>=(Reprogramaciones!$T$15+7*(Reprogramaciones!P$14-1))+6,1,IF(MAX(0,NETWORKDAYS.INTL(MAX(E8,(Reprogramaciones!$T$15+7*(Reprogramaciones!P$14-1))),MIN(F8,(Reprogramaciones!$T$15+7*(Reprogramaciones!P$14-1))+6),11))=0,0,MAX(0,NETWORKDAYS.INTL(MAX(E8,(Reprogramaciones!$T$15+7*(Reprogramaciones!P$14-1))),MIN(F8,Reprogramaciones!P$13),11))/MAX(0,NETWORKDAYS.INTL(MAX(E8,(Reprogramaciones!$T$15+7*(Reprogramaciones!P$14-1))),MIN(F8,(Reprogramaciones!$T$15+7*(Reprogramaciones!P$14-1))+6),11)))))))) -> 100 | BZ8: =IF(OR(NOT(AND(ISNUMBER(E8),ISNUMBER(F8))),$J$2=""),"",IF(Reprogramaciones!Q$13<Reprogramaciones!$T$15,0,IF(Reprogramaciones!Q$14>10,MIN(100,SUM($G8:$P8)),MIN(100,SUMPRODUCT((COLUMN($G8:$P8)-COLUMN($G8)+1<Reprogramaciones!Q$14)*$G8:$P8)+N(INDEX($G8:$P8,1,Reprogramaciones!Q$14))*IF(Reprogramaciones!Q$13>=(Reprogramaciones!$T$15+7*(Reprogramaciones!Q$14-1))+6,1,IF(MAX(0,NETWORKDAYS.INTL(MAX(E8,(Reprogramaciones!$T$15+7*(Reprogramaciones!Q$14-1))),MIN(F8,(Reprogramaciones!$T$15+7*(Reprogramaciones!Q$14-1))+6),11))=0,0,MAX(0,NETWORKDAYS.INTL(MAX(E8,(Reprogramaciones!$T$15+7*(Reprogramaciones!Q$14-1))),MIN(F8,Reprogramaciones!Q$13),11))/MAX(0,NETWORKDAYS.INTL(MAX(E8,(Reprogramaciones!$T$15+7*(Reprogramaciones!Q$14-1))),MIN(F8,(Reprogramaciones!$T$15+7*(Reprogramaciones!Q$14-1))+6),11)))))))) -> 100 | CA8: =IF(OR(NOT(AND(ISNUMBER(E8),ISNUMBER(F8))),$J$2=""),"",IF(Reprogramaciones!R$13<Reprogramaciones!$T$15,0,IF(Reprogramaciones!R$14>10,MIN(100,SUM($G8:$P8)),MIN(100,SUMPRODUCT((COLUMN($G8:$P8)-COLUMN($G8)+1<Reprogramaciones!R$14)*$G8:$P8)+N(INDEX($G8:$P8,1,Reprogramaciones!R$14))*IF(Reprogramaciones!R$13>=(Reprogramaciones!$T$15+7*(Reprogramaciones!R$14-1))+6,1,IF(MAX(0,NETWORKDAYS.INTL(MAX(E8,(Reprogramaciones!$T$15+7*(Reprogramaciones!R$14-1))),MIN(F8,(Reprogramaciones!$T$15+7*(Reprogramaciones!R$14-1))+6),11))=0,0,MAX(0,NETWORKDAYS.INTL(MAX(E8,(Reprogramaciones!$T$15+7*(Reprogramaciones!R$14-1))),MIN(F8,Reprogramaciones!R$13),11))/MAX(0,NETWORKDAYS.INTL(MAX(E8,(Reprogramaciones!$T$15+7*(Reprogramaciones!R$14-1))),MIN(F8,(Reprogramaciones!$T$15+7*(Reprogramaciones!R$14-1))+6),11)))))))) -> 100 | CB8: =IF(OR(NOT(AND(ISNUMBER(E8),ISNUMBER(F8))),$J$2=""),"",IF(Reprogramaciones!S$13<Reprogramaciones!$T$15,0,IF(Reprogramaciones!S$14>10,MIN(100,SUM($G8:$P8)),MIN(100,SUMPRODUCT((COLUMN($G8:$P8)-COLUMN($G8)+1<Reprogramaciones!S$14)*$G8:$P8)+N(INDEX($G8:$P8,1,Reprogramaciones!S$14))*IF(Reprogramaciones!S$13>=(Reprogramaciones!$T$15+7*(Reprogramaciones!S$14-1))+6,1,IF(MAX(0,NETWORKDAYS.INTL(MAX(E8,(Reprogramaciones!$T$15+7*(Reprogramaciones!S$14-1))),MIN(F8,(Reprogramaciones!$T$15+7*(Reprogramaciones!S$14-1))+6),11))=0,0,MAX(0,NETWORKDAYS.INTL(MAX(E8,(Reprogramaciones!$T$15+7*(Reprogramaciones!S$14-1))),MIN(F8,Reprogramaciones!S$13),11))/MAX(0,NETWORKDAYS.INTL(MAX(E8,(Reprogramaciones!$T$15+7*(Reprogramaciones!S$14-1))),MIN(F8,(Reprogramaciones!$T$15+7*(Reprogramaciones!S$14-1))+6),11)))))))) -> 100 | CC8: =IF(OR(NOT(AND(ISNUMBER(E8),ISNUMBER(F8))),$J$2=""),"",IF(Reprogramaciones!T$13<Reprogramaciones!$T$15,0,IF(Reprogramaciones!T$14>10,MIN(100,SUM($G8:$P8)),MIN(100,SUMPRODUCT((COLUMN($G8:$P8)-COLUMN($G8)+1<Reprogramaciones!T$14)*$G8:$P8)+N(INDEX($G8:$P8,1,Reprogramaciones!T$14))*IF(Reprogramaciones!T$13>=(Reprogramaciones!$T$15+7*(Reprogramaciones!T$14-1))+6,1,IF(MAX(0,NETWORKDAYS.INTL(MAX(E8,(Reprogramaciones!$T$15+7*(Reprogramaciones!T$14-1))),MIN(F8,(Reprogramaciones!$T$15+7*(Reprogramaciones!T$14-1))+6),11))=0,0,MAX(0,NETWORKDAYS.INTL(MAX(E8,(Reprogramaciones!$T$15+7*(Reprogramaciones!T$14-1))),MIN(F8,Reprogramaciones!T$13),11))/MAX(0,NETWORKDAYS.INTL(MAX(E8,(Reprogramaciones!$T$15+7*(Reprogramaciones!T$14-1))),MIN(F8,(Reprogramaciones!$T$15+7*(Reprogramaciones!T$14-1))+6),11)))))))) -> 100 | CD8: =IF(OR(NOT(AND(ISNUMBER(E8),ISNUMBER(F8))),$J$2=""),"",IF(Reprogramaciones!U$13<Reprogramaciones!$T$15,0,IF(Reprogramaciones!U$14>10,MIN(100,SUM($G8:$P8)),MIN(100,SUMPRODUCT((COLUMN($G8:$P8)-COLUMN($G8)+1<Reprogramaciones!U$14)*$G8:$P8)+N(INDEX($G8:$P8,1,Reprogramaciones!U$14))*IF(Reprogramaciones!U$13>=(Reprogramaciones!$T$15+7*(Reprogramaciones!U$14-1))+6,1,IF(MAX(0,NETWORKDAYS.INTL(MAX(E8,(Reprogramaciones!$T$15+7*(Reprogramaciones!U$14-1))),MIN(F8,(Reprogramaciones!$T$15+7*(Reprogramaciones!U$14-1))+6),11))=0,0,MAX(0,NETWORKDAYS.INTL(MAX(E8,(Reprogramaciones!$T$15+7*(Reprogramaciones!U$14-1))),MIN(F8,Reprogramaciones!U$13),11))/MAX(0,NETWORKDAYS.INTL(MAX(E8,(Reprogramaciones!$T$15+7*(Reprogramaciones!U$14-1))),MIN(F8,(Reprogramaciones!$T$15+7*(Reprogramaciones!U$14-1))+6),11)))))))) -> 100 | CE8: =IF(OR(NOT(AND(ISNUMBER(E8),ISNUMBER(F8))),$J$2=""),"",IF(Reprogramaciones!V$13<Reprogramaciones!$T$15,0,IF(Reprogramaciones!V$14>10,MIN(100,SUM($G8:$P8)),MIN(100,SUMPRODUCT((COLUMN($G8:$P8)-COLUMN($G8)+1<Reprogramaciones!V$14)*$G8:$P8)+N(INDEX($G8:$P8,1,Reprogramaciones!V$14))*IF(Reprogramaciones!V$13>=(Reprogramaciones!$T$15+7*(Reprogramaciones!V$14-1))+6,1,IF(MAX(0,NETWORKDAYS.INTL(MAX(E8,(Reprogramaciones!$T$15+7*(Reprogramaciones!V$14-1))),MIN(F8,(Reprogramaciones!$T$15+7*(Reprogramaciones!V$14-1))+6),11))=0,0,MAX(0,NETWORKDAYS.INTL(MAX(E8,(Reprogramaciones!$T$15+7*(Reprogramaciones!V$14-1))),MIN(F8,Reprogramaciones!V$13),11))/MAX(0,NETWORKDAYS.INTL(MAX(E8,(Reprogramaciones!$T$15+7*(Reprogramaciones!V$14-1))),MIN(F8,(Reprogramaciones!$T$15+7*(Reprogramaciones!V$14-1))+6),11)))))))) -> 100 | CF8: =IF(OR(NOT(AND(ISNUMBER(E8),ISNUMBER(F8))),$J$2=""),"",IF(Reprogramaciones!W$13<Reprogramaciones!$T$15,0,IF(Reprogramaciones!W$14>10,MIN(100,SUM($G8:$P8)),MIN(100,SUMPRODUCT((COLUMN($G8:$P8)-COLUMN($G8)+1<Reprogramaciones!W$14)*$G8:$P8)+N(INDEX($G8:$P8,1,Reprogramaciones!W$14))*IF(Reprogramaciones!W$13>=(Reprogramaciones!$T$15+7*(Reprogramaciones!W$14-1))+6,1,IF(MAX(0,NETWORKDAYS.INTL(MAX(E8,(Reprogramaciones!$T$15+7*(Reprogramaciones!W$14-1))),MIN(F8,(Reprogramaciones!$T$15+7*(Reprogramaciones!W$14-1))+6),11))=0,0,MAX(0,NETWORKDAYS.INTL(MAX(E8,(Reprogramaciones!$T$15+7*(Reprogramaciones!W$14-1))),MIN(F8,Reprogramaciones!W$13),11))/MAX(0,NETWORKDAYS.INTL(MAX(E8,(Reprogramaciones!$T$15+7*(Reprogramaciones!W$14-1))),MIN(F8,(Reprogramaciones!$T$15+7*(Reprogramaciones!W$14-1))+6),11)))))))) -> 100 | CG8: =IF(OR(NOT(AND(ISNUMBER(E8),ISNUMBER(F8))),$J$2=""),"",IF(Reprogramaciones!X$13<Reprogramaciones!$T$15,0,IF(Reprogramaciones!X$14>10,MIN(100,SUM($G8:$P8)),MIN(100,SUMPRODUCT((COLUMN($G8:$P8)-COLUMN($G8)+1<Reprogramaciones!X$14)*$G8:$P8)+N(INDEX($G8:$P8,1,Reprogramaciones!X$14))*IF(Reprogramaciones!X$13>=(Reprogramaciones!$T$15+7*(Reprogramaciones!X$14-1))+6,1,IF(MAX(0,NETWORKDAYS.INTL(MAX(E8,(Reprogramaciones!$T$15+7*(Reprogramaciones!X$14-1))),MIN(F8,(Reprogramaciones!$T$15+7*(Reprogramaciones!X$14-1))+6),11))=0,0,MAX(0,NETWORKDAYS.INTL(MAX(E8,(Reprogramaciones!$T$15+7*(Reprogramaciones!X$14-1))),MIN(F8,Reprogramaciones!X$13),11))/MAX(0,NETWORKDAYS.INTL(MAX(E8,(Reprogramaciones!$T$15+7*(Reprogramaciones!X$14-1))),MIN(F8,(Reprogramaciones!$T$15+7*(Reprogramaciones!X$14-1))+6),11)))))))) -> 100 | CH8: =IF(OR(NOT(AND(ISNUMBER(E8),ISNUMBER(F8))),$J$2=""),"",IF(Reprogramaciones!Y$13<Reprogramaciones!$T$15,0,IF(Reprogramaciones!Y$14>10,MIN(100,SUM($G8:$P8)),MIN(100,SUMPRODUCT((COLUMN($G8:$P8)-COLUMN($G8)+1<Reprogramaciones!Y$14)*$G8:$P8)+N(INDEX($G8:$P8,1,Reprogramaciones!Y$14))*IF(Reprogramaciones!Y$13>=(Reprogramaciones!$T$15+7*(Reprogramaciones!Y$14-1))+6,1,IF(MAX(0,NETWORKDAYS.INTL(MAX(E8,(Reprogramaciones!$T$15+7*(Reprogramaciones!Y$14-1))),MIN(F8,(Reprogramaciones!$T$15+7*(Reprogramaciones!Y$14-1))+6),11))=0,0,MAX(0,NETWORKDAYS.INTL(MAX(E8,(Reprogramaciones!$T$15+7*(Reprogramaciones!Y$14-1))),MIN(F8,Reprogramaciones!Y$13),11))/MAX(0,NETWORKDAYS.INTL(MAX(E8,(Reprogramaciones!$T$15+7*(Reprogramaciones!Y$14-1))),MIN(F8,(Reprogramaciones!$T$15+7*(Reprogramaciones!Y$14-1))+6),11)))))))) -> 100 | CI8: =IF(OR(NOT(AND(ISNUMBER(E8),ISNUMBER(F8))),$J$2=""),"",IF(Reprogramaciones!Z$13<Reprogramaciones!$T$15,0,IF(Reprogramaciones!Z$14>10,MIN(100,SUM($G8:$P8)),MIN(100,SUMPRODUCT((COLUMN($G8:$P8)-COLUMN($G8)+1<Reprogramaciones!Z$14)*$G8:$P8)+N(INDEX($G8:$P8,1,Reprogramaciones!Z$14))*IF(Reprogramaciones!Z$13>=(Reprogramaciones!$T$15+7*(Reprogramaciones!Z$14-1))+6,1,IF(MAX(0,NETWORKDAYS.INTL(MAX(E8,(Reprogramaciones!$T$15+7*(Reprogramaciones!Z$14-1))),MIN(F8,(Reprogramaciones!$T$15+7*(Reprogramaciones!Z$14-1))+6),11))=0,0,MAX(0,NETWORKDAYS.INTL(MAX(E8,(Reprogramaciones!$T$15+7*(Reprogramaciones!Z$14-1))),MIN(F8,Reprogramaciones!Z$13),11))/MAX(0,NETWORKDAYS.INTL(MAX(E8,(Reprogramaciones!$T$15+7*(Reprogramaciones!Z$14-1))),MIN(F8,(Reprogramaciones!$T$15+7*(Reprogramaciones!Z$14-1))+6),11)))))))) -> 100 | CJ8: =IF(OR(OR(NOT(AND(ISNUMBER(E8),ISNUMBER(F8))),$J$2=""),1>Reprogramaciones!$K$16),"",IF(ROUND(SUM($Q8:Q8),1)>=99.5,100,MIN(100,ROUND(SUM($Q8:Q8),1)))) -> 100 | CK8: =IF(OR(OR(NOT(AND(ISNUMBER(E8),ISNUMBER(F8))),$J$2=""),2>Reprogramaciones!$K$16),"",IF(ROUND(SUM($Q8:R8),1)>=99.5,100,MIN(100,ROUND(SUM($Q8:R8),1)))) -> 100 | CL8: =IF(OR(OR(NOT(AND(ISNUMBER(E8),ISNUMBER(F8))),$J$2=""),3>Reprogramaciones!$K$16),"",IF(ROUND(SUM($Q8:S8),1)>=99.5,100,MIN(100,ROUND(SUM($Q8:S8),1)))) -> 100 | CM8: =IF(OR(OR(NOT(AND(ISNUMBER(E8),ISNUMBER(F8))),$J$2=""),4>Reprogramaciones!$K$16),"",IF(ROUND(SUM($Q8:T8),1)>=99.5,100,MIN(100,ROUND(SUM($Q8:T8),1)))) -> 100 | CN8: =IF(OR(OR(NOT(AND(ISNUMBER(E8),ISNUMBER(F8))),$J$2=""),5>Reprogramaciones!$K$16),"",IF(ROUND(SUM($Q8:U8),1)>=99.5,100,MIN(100,ROUND(SUM($Q8:U8),1)))) -> 100 | CO8: =IF(OR(OR(NOT(AND(ISNUMBER(E8),ISNUMBER(F8))),$J$2=""),6>Reprogramaciones!$K$16),"",IF(ROUND(SUM($Q8:V8),1)>=99.5,100,MIN(100,ROUND(SUM($Q8:V8),1)))) | CP8: =IF(OR(OR(NOT(AND(ISNUMBER(E8),ISNUMBER(F8))),$J$2=""),7>Reprogramaciones!$K$16),"",IF(ROUND(SUM($Q8:W8),1)>=99.5,100,MIN(100,ROUND(SUM($Q8:W8),1)))) | CQ8: =IF(OR(OR(NOT(AND(ISNUMBER(E8),ISNUMBER(F8))),$J$2=""),8>Reprogramaciones!$K$16),"",IF(ROUND(SUM($Q8:X8),1)>=99.5,100,MIN(100,ROUND(SUM($Q8:X8),1)))) | CR8: =IF(OR(OR(NOT(AND(ISNUMBER(E8),ISNUMBER(F8))),$J$2=""),9>Reprogramaciones!$K$16),"",IF(ROUND(SUM($Q8:Y8),1)>=99.5,100,MIN(100,ROUND(SUM($Q8:Y8),1)))) | CS8: =IF(OR(OR(NOT(AND(ISNUMBER(E8),ISNUMBER(F8))),$J$2=""),10>Reprogramaciones!$K$16),"",IF(ROUND(SUM($Q8:Z8),1)>=99.5,100,MIN(100,ROUND(SUM($Q8:Z8),1)))) | CT8: =IF(OR(OR(NOT(AND(ISNUMBER(E8),ISNUMBER(F8))),$J$2=""),11>Reprogramaciones!$K$16),"",IF(ROUND(SUM($Q8:AA8),1)>=99.5,100,MIN(100,ROUND(SUM($Q8:AA8),1)))) | CU8: =IF(OR(OR(NOT(AND(ISNUMBER(E8),ISNUMBER(F8))),$J$2=""),12>Reprogramaciones!$K$16),"",IF(ROUND(SUM($Q8:AB8),1)>=99.5,100,MIN(100,ROUND(SUM($Q8:AB8),1)))) | CV8: =IF(OR(OR(NOT(AND(ISNUMBER(E8),ISNUMBER(F8))),$J$2=""),13>Reprogramaciones!$K$16),"",IF(ROUND(SUM($Q8:AC8),1)>=99.5,100,MIN(100,ROUND(SUM($Q8:AC8),1)))) | CW8: =IF(OR(OR(NOT(AND(ISNUMBER(E8),ISNUMBER(F8))),$J$2=""),14>Reprogramaciones!$K$16),"",IF(ROUND(SUM($Q8:AD8),1)>=99.5,100,MIN(100,ROUND(SUM($Q8:AD8),1)))) | CX8: =IF(OR(OR(NOT(AND(ISNUMBER(E8),ISNUMBER(F8))),$J$2=""),15>Reprogramaciones!$K$16),"",IF(ROUND(SUM($Q8:AE8),1)>=99.5,100,MIN(100,ROUND(SUM($Q8:AE8),1)))) | CY8: =IF(OR(OR(NOT(AND(ISNUMBER(E8),ISNUMBER(F8))),$J$2=""),16>Reprogramaciones!$K$16),"",IF(ROUND(SUM($Q8:AF8),1)>=99.5,100,MIN(100,ROUND(SUM($Q8:AF8),1)))) | CZ8: =IF(D8<>"",D8,IF(B8<>"","Contractual",CZ7)) -> Contractual | DA8: =IF(OR(NOT(AND(ISNUMBER(E8),ISNUMBER(F8))),$J$2=""),"",IF(Reprogramaciones!$Q$15<Reprogramaciones!$T$15,0,IF(Reprogramaciones!$S$15>10,MIN(100,SUM($G8:$P8)),MIN(100,SUMPRODUCT((COLUMN($G8:$P8)-COLUMN($G8)+1<Reprogramaciones!$S$15)*$G8:$P8)+N(INDEX($G8:$P8,1,Reprogramaciones!$S$15))*IF(Reprogramaciones!$Q$15>=(Reprogramaciones!$T$15+7*(Reprogramaciones!$S$15-1))+6,1,IF(MAX(0,NETWORKDAYS.INTL(MAX(E8,(Reprogramaciones!$T$15+7*(Reprogramaciones!$S$15-1))),MIN(F8,(Reprogramaciones!$T$15+7*(Reprogramaciones!$S$15-1))+6),11))=0,0,MAX(0,NETWORKDAYS.INTL(MAX(E8,(Reprogramaciones!$T$15+7*(Reprogramaciones!$S$15-1))),MIN(F8,Reprogramaciones!$Q$15),11))/MAX(0,NETWORKDAYS.INTL(MAX(E8,(Reprogramaciones!$T$15+7*(Reprogramaciones!$S$15-1))),MIN(F8,(Reprogramaciones!$T$15+7*(Reprogramaciones!$S$15-1))+6),11)))))))) -> 100
A9: 01.03 | C9: Trazo y replanteo | E9: 46290 | F9: 46291 | G9: =IF(OR(NOT(AND(ISNUMBER(E9),ISNUMBER(F9))),$J$2=""),"",IF(Reprogramaciones!K$9<E9,0,IF(NETWORKDAYS.INTL(E9,F9,11)=0,IF(Reprogramaciones!K$9>=F9,100,0),ROUND(NETWORKDAYS.INTL(E9,MIN(F9,Reprogramaciones!K$9),11)/NETWORKDAYS.INTL(E9,F9,11)*100,1)))-0) -> 100 | H9: =IF(OR(NOT(AND(ISNUMBER(E9),ISNUMBER(F9))),$J$2=""),"",IF(Reprogramaciones!L$9<E9,0,IF(NETWORKDAYS.INTL(E9,F9,11)=0,IF(Reprogramaciones!L$9>=F9,100,0),ROUND(NETWORKDAYS.INTL(E9,MIN(F9,Reprogramaciones!L$9),11)/NETWORKDAYS.INTL(E9,F9,11)*100,1)))-IF(Reprogramaciones!K$9<E9,0,IF(NETWORKDAYS.INTL(E9,F9,11)=0,IF(Reprogramaciones!K$9>=F9,100,0),ROUND(NETWORKDAYS.INTL(E9,MIN(F9,Reprogramaciones!K$9),11)/NETWORKDAYS.INTL(E9,F9,11)*100,1)))) -> 0 | I9: =IF(OR(NOT(AND(ISNUMBER(E9),ISNUMBER(F9))),$J$2=""),"",IF(Reprogramaciones!M$9<E9,0,IF(NETWORKDAYS.INTL(E9,F9,11)=0,IF(Reprogramaciones!M$9>=F9,100,0),ROUND(NETWORKDAYS.INTL(E9,MIN(F9,Reprogramaciones!M$9),11)/NETWORKDAYS.INTL(E9,F9,11)*100,1)))-IF(Reprogramaciones!L$9<E9,0,IF(NETWORKDAYS.INTL(E9,F9,11)=0,IF(Reprogramaciones!L$9>=F9,100,0),ROUND(NETWORKDAYS.INTL(E9,MIN(F9,Reprogramaciones!L$9),11)/NETWORKDAYS.INTL(E9,F9,11)*100,1)))) -> 0 | J9: =IF(OR(NOT(AND(ISNUMBER(E9),ISNUMBER(F9))),$J$2=""),"",IF(Reprogramaciones!N$9<E9,0,IF(NETWORKDAYS.INTL(E9,F9,11)=0,IF(Reprogramaciones!N$9>=F9,100,0),ROUND(NETWORKDAYS.INTL(E9,MIN(F9,Reprogramaciones!N$9),11)/NETWORKDAYS.INTL(E9,F9,11)*100,1)))-IF(Reprogramaciones!M$9<E9,0,IF(NETWORKDAYS.INTL(E9,F9,11)=0,IF(Reprogramaciones!M$9>=F9,100,0),ROUND(NETWORKDAYS.INTL(E9,MIN(F9,Reprogramaciones!M$9),11)/NETWORKDAYS.INTL(E9,F9,11)*100,1)))) -> 0 | K9: =IF(OR(NOT(AND(ISNUMBER(E9),ISNUMBER(F9))),$J$2=""),"",IF(Reprogramaciones!O$9<E9,0,IF(NETWORKDAYS.INTL(E9,F9,11)=0,IF(Reprogramaciones!O$9>=F9,100,0),ROUND(NETWORKDAYS.INTL(E9,MIN(F9,Reprogramaciones!O$9),11)/NETWORKDAYS.INTL(E9,F9,11)*100,1)))-IF(Reprogramaciones!N$9<E9,0,IF(NETWORKDAYS.INTL(E9,F9,11)=0,IF(Reprogramaciones!N$9>=F9,100,0),ROUND(NETWORKDAYS.INTL(E9,MIN(F9,Reprogramaciones!N$9),11)/NETWORKDAYS.INTL(E9,F9,11)*100,1)))) -> 0 | L9: =IF(OR(NOT(AND(ISNUMBER(E9),ISNUMBER(F9))),$J$2=""),"",IF(Reprogramaciones!P$9<E9,0,IF(NETWORKDAYS.INTL(E9,F9,11)=0,IF(Reprogramaciones!P$9>=F9,100,0),ROUND(NETWORKDAYS.INTL(E9,MIN(F9,Reprogramaciones!P$9),11)/NETWORKDAYS.INTL(E9,F9,11)*100,1)))-IF(Reprogramaciones!O$9<E9,0,IF(NETWORKDAYS.INTL(E9,F9,11)=0,IF(Reprogramaciones!O$9>=F9,100,0),ROUND(NETWORKDAYS.INTL(E9,MIN(F9,Reprogramaciones!O$9),11)/NETWORKDAYS.INTL(E9,F9,11)*100,1)))) -> 0 | M9: =IF(OR(NOT(AND(ISNUMBER(E9),ISNUMBER(F9))),$J$2=""),"",IF(Reprogramaciones!Q$9<E9,0,IF(NETWORKDAYS.INTL(E9,F9,11)=0,IF(Reprogramaciones!Q$9>=F9,100,0),ROUND(NETWORKDAYS.INTL(E9,MIN(F9,Reprogramaciones!Q$9),11)/NETWORKDAYS.INTL(E9,F9,11)*100,1)))-IF(Reprogramaciones!P$9<E9,0,IF(NETWORKDAYS.INTL(E9,F9,11)=0,IF(Reprogramaciones!P$9>=F9,100,0),ROUND(NETWORKDAYS.INTL(E9,MIN(F9,Reprogramaciones!P$9),11)/NETWORKDAYS.INTL(E9,F9,11)*100,1)))) -> 0 | N9: =IF(OR(NOT(AND(ISNUMBER(E9),ISNUMBER(F9))),$J$2=""),"",IF(Reprogramaciones!R$9<E9,0,IF(NETWORKDAYS.INTL(E9,F9,11)=0,IF(Reprogramaciones!R$9>=F9,100,0),ROUND(NETWORKDAYS.INTL(E9,MIN(F9,Reprogramaciones!R$9),11)/NETWORKDAYS.INTL(E9,F9,11)*100,1)))-IF(Reprogramaciones!Q$9<E9,0,IF(NETWORKDAYS.INTL(E9,F9,11)=0,IF(Reprogramaciones!Q$9>=F9,100,0),ROUND(NETWORKDAYS.INTL(E9,MIN(F9,Reprogramaciones!Q$9),11)/NETWORKDAYS.INTL(E9,F9,11)*100,1)))) -> 0 | O9: =IF(OR(NOT(AND(ISNUMBER(E9),ISNUMBER(F9))),$J$2=""),"",IF(Reprogramaciones!S$9<E9,0,IF(NETWORKDAYS.INTL(E9,F9,11)=0,IF(Reprogramaciones!S$9>=F9,100,0),ROUND(NETWORKDAYS.INTL(E9,MIN(F9,Reprogramaciones!S$9),11)/NETWORKDAYS.INTL(E9,F9,11)*100,1)))-IF(Reprogramaciones!R$9<E9,0,IF(NETWORKDAYS.INTL(E9,F9,11)=0,IF(Reprogramaciones!R$9>=F9,100,0),ROUND(NETWORKDAYS.INTL(E9,MIN(F9,Reprogramaciones!R$9),11)/NETWORKDAYS.INTL(E9,F9,11)*100,1)))) -> 0 | P9: =IF(OR(NOT(AND(ISNUMBER(E9),ISNUMBER(F9))),$J$2=""),"",IF(Reprogramaciones!T$9<E9,0,IF(NETWORKDAYS.INTL(E9,F9,11)=0,IF(Reprogramaciones!T$9>=F9,100,0),ROUND(NETWORKDAYS.INTL(E9,MIN(F9,Reprogramaciones!T$9),11)/NETWORKDAYS.INTL(E9,F9,11)*100,1)))-IF(Reprogramaciones!S$9<E9,0,IF(NETWORKDAYS.INTL(E9,F9,11)=0,IF(Reprogramaciones!S$9>=F9,100,0),ROUND(NETWORKDAYS.INTL(E9,MIN(F9,Reprogramaciones!S$9),11)/NETWORKDAYS.INTL(E9,F9,11)*100,1)))) -> 0 | Q9: 100 | AG9: =IF(AND(ISNUMBER(E9),ISNUMBER(F9)),NETWORKDAYS.INTL(E9,F9,11),"") -> 2 | AH9: =IF(OR(NOT(AND(ISNUMBER(E9),ISNUMBER(F9))),$J$2=""),"",IF(Reprogramaciones!$P$15<Reprogramaciones!$T$15,0,IF(Reprogramaciones!$R$15>10,MIN(100,SUM($G9:$P9)),MIN(100,SUMPRODUCT((COLUMN($G9:$P9)-COLUMN($G9)+1<Reprogramaciones!$R$15)*$G9:$P9)+N(INDEX($G9:$P9,1,Reprogramaciones!$R$15))*IF(Reprogramaciones!$P$15>=(Reprogramaciones!$T$15+7*(Reprogramaciones!$R$15-1))+6,1,IF(MAX(0,NETWORKDAYS.INTL(MAX(E9,(Reprogramaciones!$T$15+7*(Reprogramaciones!$R$15-1))),MIN(F9,(Reprogramaciones!$T$15+7*(Reprogramaciones!$R$15-1))+6),11))=0,0,MAX(0,NETWORKDAYS.INTL(MAX(E9,(Reprogramaciones!$T$15+7*(Reprogramaciones!$R$15-1))),MIN(F9,Reprogramaciones!$P$15),11))/MAX(0,NETWORKDAYS.INTL(MAX(E9,(Reprogramaciones!$T$15+7*(Reprogramaciones!$R$15-1))),MIN(F9,(Reprogramaciones!$T$15+7*(Reprogramaciones!$R$15-1))+6),11)))))))) -> 100 | AI9: =IF(COUNT($Q9:$AF9)=0,"",IF(ROUND(SUM($Q9:$AF9),1)>=99.5,100,MIN(100,ROUND(SUM($Q9:$AF9),1)))) -> 100 | AJ9: =IF(OR(AH9="",AI9=""),"",AI9-AH9) -> 0 | AK9: =IF(AH9="","",IF(OR(Ficha!$C$10="Suspendida",Ficha!$C$10="Cancelada"),Ficha!$C$10,IF(AND(AI9<>"",N(AI9)>=100),"Completada",IF(AND(E9>TODAY(),N(AI9)=0),"Por iniciar",IF(N(AI9)+0.5<AH9,"Retrasada",IF(N(AI9)+0.5<DA9,IF(Reprogramaciones!$K$15>0,"Al día · Sem "&Reprogramaciones!$K$15&" en curso","Al día · en curso"),"A tiempo")))))) -> Completada | AL9: =IF(AND(A9="",AND(B9="",C9="",E9="",F9="",COUNT(Q9:AF9)=0)),"",IF(AND(B9="",C9="",E9="",F9="",COUNT(Q9:AF9)=0),"Falta la partida o subpartida",IF(AND(A9<>"",COUNTIF($A$6:$A$305,A9)>1),"Ítem repetido",IF(AND(C9="",E9="",F9="",COUNT(Q9:AF9)=0),"Título de partida",IF(OR(E9="",F9=""),"Faltan fechas",IF(OR(ISTEXT(E9),ISTEXT(F9)),"Fecha escrita como texto: usa dd/mm/aaaa",IF(F9<E9,"Fin antes del inicio",IF(IF($J$2="",FALSE(),OR(E9<$J$2,F9>Reprogramaciones!$T$15+69)),"Fuera de las 10 semanas",IF(ABS(SUM(G9:P9)-100)>0.5,"La meta no suma 100%",IF(ROUND(SUM(Q9:AF9),1)>100.5,"El avance pasa de 100%",IF(MIN(Q9:AF9)<0,"Avance negativo",IF(COUNTA(Q9:AF9)>COUNT(Q9:AF9),"Avance escrito como texto",IF(SUMPRODUCT((Q9:AF9>0)*(Q9:AF9<1))>0,"Avance menor a 1: escribe 50, no 50%",IF(SUMPRODUCT(ISNUMBER(Q9:AF9)*(Reprogramaciones!$K$8:$Z$8>TODAY()))>0,"Avance en semana que aún no llega",IF(AND(N(Reprogramaciones!$E$21)>0,F9>Reprogramaciones!$E$21),"Pasa el fin de la obra: registra una reprogramación",IF(AND(N(Reprogramaciones!$E$21)>0,SUMPRODUCT(ISNUMBER(Q9:AF9)*(Reprogramaciones!$K$8:$Z$8>Reprogramaciones!$E$21))>0),"Avance después del fin de la obra: registra una reprogramación por atraso","OK")))))))))))))))) -> OK | AM9: =IF(OR(OR(NOT(AND(ISNUMBER(E9),ISNUMBER(F9))),$J$2=""),1>MAX(1,Reprogramaciones!$U$15)),"",IF(Reprogramaciones!K$12>=7,"",IF(OR(BT9-N(0)>0.05,N(Q9)>0),ROUNDDOWN(ROUND(BT9,6),0)&"%"&IF(CJ9="",""," / "&CJ9&"%"),IF(AND(N(0)>=99.95,CJ9<>"",N(CJ9)<100),"Pend. "&CJ9&"%","")))) -> 100% / 100% | AN9: =IF(OR(OR(NOT(AND(ISNUMBER(E9),ISNUMBER(F9))),$J$2=""),2>MAX(1,Reprogramaciones!$U$15)),"",IF(Reprogramaciones!L$12>=7,"",IF(OR(BU9-N(BT9)>0.05,N(R9)>0),ROUNDDOWN(ROUND(BU9,6),0)&"%"&IF(CK9="",""," / "&CK9&"%"),IF(AND(N(BT9)>=99.95,CK9<>"",N(CK9)<100),"Pend. "&CK9&"%","")))) | AO9: =IF(OR(OR(NOT(AND(ISNUMBER(E9),ISNUMBER(F9))),$J$2=""),3>MAX(1,Reprogramaciones!$U$15)),"",IF(Reprogramaciones!M$12>=7,"",IF(OR(BV9-N(BU9)>0.05,N(S9)>0),ROUNDDOWN(ROUND(BV9,6),0)&"%"&IF(CL9="",""," / "&CL9&"%"),IF(AND(N(BU9)>=99.95,CL9<>"",N(CL9)<100),"Pend. "&CL9&"%","")))) | AP9: =IF(OR(OR(NOT(AND(ISNUMBER(E9),ISNUMBER(F9))),$J$2=""),4>MAX(1,Reprogramaciones!$U$15)),"",IF(Reprogramaciones!N$12>=7,"",IF(OR(BW9-N(BV9)>0.05,N(T9)>0),ROUNDDOWN(ROUND(BW9,6),0)&"%"&IF(CM9="",""," / "&CM9&"%"),IF(AND(N(BV9)>=99.95,CM9<>"",N(CM9)<100),"Pend. "&CM9&"%","")))) | AQ9: =IF(OR(OR(NOT(AND(ISNUMBER(E9),ISNUMBER(F9))),$J$2=""),5>MAX(1,Reprogramaciones!$U$15)),"",IF(Reprogramaciones!O$12>=7,"",IF(OR(BX9-N(BW9)>0.05,N(U9)>0),ROUNDDOWN(ROUND(BX9,6),0)&"%"&IF(CN9="",""," / "&CN9&"%"),IF(AND(N(BW9)>=99.95,CN9<>"",N(CN9)<100),"Pend. "&CN9&"%","")))) | AR9: =IF(OR(OR(NOT(AND(ISNUMBER(E9),ISNUMBER(F9))),$J$2=""),6>MAX(1,Reprogramaciones!$U$15)),"",IF(Reprogramaciones!P$12>=7,"",IF(OR(BY9-N(BX9)>0.05,N(V9)>0),ROUNDDOWN(ROUND(BY9,6),0)&"%"&IF(CO9="",""," / "&CO9&"%"),IF(AND(N(BX9)>=99.95,CO9<>"",N(CO9)<100),"Pend. "&CO9&"%","")))) | AS9: =IF(OR(OR(NOT(AND(ISNUMBER(E9),ISNUMBER(F9))),$J$2=""),7>MAX(1,Reprogramaciones!$U$15)),"",IF(Reprogramaciones!Q$12>=7,"",IF(OR(BZ9-N(BY9)>0.05,N(W9)>0),ROUNDDOWN(ROUND(BZ9,6),0)&"%"&IF(CP9="",""," / "&CP9&"%"),IF(AND(N(BY9)>=99.95,CP9<>"",N(CP9)<100),"Pend. "&CP9&"%","")))) | AT9: =IF(OR(OR(NOT(AND(ISNUMBER(E9),ISNUMBER(F9))),$J$2=""),8>MAX(1,Reprogramaciones!$U$15)),"",IF(Reprogramaciones!R$12>=7,"",IF(OR(CA9-N(BZ9)>0.05,N(X9)>0),ROUNDDOWN(ROUND(CA9,6),0)&"%"&IF(CQ9="",""," / "&CQ9&"%"),IF(AND(N(BZ9)>=99.95,CQ9<>"",N(CQ9)<100),"Pend. "&CQ9&"%","")))) | AU9: =IF(OR(OR(NOT(AND(ISNUMBER(E9),ISNUMBER(F9))),$J$2=""),9>MAX(1,Reprogramaciones!$U$15)),"",IF(Reprogramaciones!S$12>=7,"",IF(OR(CB9-N(CA9)>0.05,N(Y9)>0),ROUNDDOWN(ROUND(CB9,6),0)&"%"&IF(CR9="",""," / "&CR9&"%"),IF(AND(N(CA9)>=99.95,CR9<>"",N(CR9)<100),"Pend. "&CR9&"%","")))) | AV9: =IF(OR(OR(NOT(AND(ISNUMBER(E9),ISNUMBER(F9))),$J$2=""),10>MAX(1,Reprogramaciones!$U$15)),"",IF(Reprogramaciones!T$12>=7,"",IF(OR(CC9-N(CB9)>0.05,N(Z9)>0),ROUNDDOWN(ROUND(CC9,6),0)&"%"&IF(CS9="",""," / "&CS9&"%"),IF(AND(N(CB9)>=99.95,CS9<>"",N(CS9)<100),"Pend. "&CS9&"%","")))) | AW9: =IF(OR(OR(NOT(AND(ISNUMBER(E9),ISNUMBER(F9))),$J$2=""),11>MAX(1,Reprogramaciones!$U$15)),"",IF(Reprogramaciones!U$12>=7,"",IF(OR(CD9-N(CC9)>0.05,N(AA9)>0),ROUNDDOWN(ROUND(CD9,6),0)&"%"&IF(CT9="",""," / "&CT9&"%"),IF(AND(N(CC9)>=99.95,CT9<>"",N(CT9)<100),"Pend. "&CT9&"%","")))) | AX9: =IF(OR(OR(NOT(AND(ISNUMBER(E9),ISNUMBER(F9))),$J$2=""),12>MAX(1,Reprogramaciones!$U$15)),"",IF(Reprogramaciones!V$12>=7,"",IF(OR(CE9-N(CD9)>0.05,N(AB9)>0),ROUNDDOWN(ROUND(CE9,6),0)&"%"&IF(CU9="",""," / "&CU9&"%"),IF(AND(N(CD9)>=99.95,CU9<>"",N(CU9)<100),"Pend. "&CU9&"%","")))) | AY9: =IF(OR(OR(NOT(AND(ISNUMBER(E9),ISNUMBER(F9))),$J$2=""),13>MAX(1,Reprogramaciones!$U$15)),"",IF(Reprogramaciones!W$12>=7,"",IF(OR(CF9-N(CE9)>0.05,N(AC9)>0),ROUNDDOWN(ROUND(CF9,6),0)&"%"&IF(CV9="",""," / "&CV9&"%"),IF(AND(N(CE9)>=99.95,CV9<>"",N(CV9)<100),"Pend. "&CV9&"%","")))) | AZ9: =IF(OR(OR(NOT(AND(ISNUMBER(E9),ISNUMBER(F9))),$J$2=""),14>MAX(1,Reprogramaciones!$U$15)),"",IF(Reprogramaciones!X$12>=7,"",IF(OR(CG9-N(CF9)>0.05,N(AD9)>0),ROUNDDOWN(ROUND(CG9,6),0)&"%"&IF(CW9="",""," / "&CW9&"%"),IF(AND(N(CF9)>=99.95,CW9<>"",N(CW9)<100),"Pend. "&CW9&"%","")))) | BA9: =IF(OR(OR(NOT(AND(ISNUMBER(E9),ISNUMBER(F9))),$J$2=""),15>MAX(1,Reprogramaciones!$U$15)),"",IF(Reprogramaciones!Y$12>=7,"",IF(OR(CH9-N(CG9)>0.05,N(AE9)>0),ROUNDDOWN(ROUND(CH9,6),0)&"%"&IF(CX9="",""," / "&CX9&"%"),IF(AND(N(CG9)>=99.95,CX9<>"",N(CX9)<100),"Pend. "&CX9&"%","")))) | BB9: =IF(OR(OR(NOT(AND(ISNUMBER(E9),ISNUMBER(F9))),$J$2=""),16>MAX(1,Reprogramaciones!$U$15)),"",IF(Reprogramaciones!Z$12>=7,"",IF(OR(CI9-N(CH9)>0.05,N(AF9)>0),ROUNDDOWN(ROUND(CI9,6),0)&"%"&IF(CY9="",""," / "&CY9&"%"),IF(AND(N(CH9)>=99.95,CY9<>"",N(CY9)<100),"Pend. "&CY9&"%","")))) | BC9: =IF(AND(ISNUMBER(E9),ISNUMBER(F9)),MAX(1,NETWORKDAYS.INTL(E9,F9,11)),0) -> 2 | BD9: =IF(OR(NOT(AND(ISNUMBER(E9),ISNUMBER(F9))),$J$2=""),"",MIN(100,ROUND(SUM($G9:G9),1))) -> 100 | BE9: =IF(OR(NOT(AND(ISNUMBER(E9),ISNUMBER(F9))),$J$2=""),"",MIN(100,ROUND(SUM($G9:H9),1))) -> 100 | BF9: =IF(OR(NOT(AND(ISNUMBER(E9),ISNUMBER(F9))),$J$2=""),"",MIN(100,ROUND(SUM($G9:I9),1))) -> 100 | BG9: =IF(OR(NOT(AND(ISNUMBER(E9),ISNUMBER(F9))),$J$2=""),"",MIN(100,ROUND(SUM($G9:J9),1))) -> 100 | BH9: =IF(OR(NOT(AND(ISNUMBER(E9),ISNUMBER(F9))),$J$2=""),"",MIN(100,ROUND(SUM($G9:K9),1))) -> 100 | BI9: =IF(OR(NOT(AND(ISNUMBER(E9),ISNUMBER(F9))),$J$2=""),"",MIN(100,ROUND(SUM($G9:L9),1))) -> 100 | BJ9: =IF(OR(NOT(AND(ISNUMBER(E9),ISNUMBER(F9))),$J$2=""),"",MIN(100,ROUND(SUM($G9:M9),1))) -> 100 | BK9: =IF(OR(NOT(AND(ISNUMBER(E9),ISNUMBER(F9))),$J$2=""),"",MIN(100,ROUND(SUM($G9:N9),1))) -> 100 | BL9: =IF(OR(NOT(AND(ISNUMBER(E9),ISNUMBER(F9))),$J$2=""),"",MIN(100,ROUND(SUM($G9:O9),1))) -> 100 | BM9: =IF(OR(NOT(AND(ISNUMBER(E9),ISNUMBER(F9))),$J$2=""),"",MIN(100,ROUND(SUM($G9:P9),1))) -> 100 | BN9: =IF(OR(NOT(AND(ISNUMBER(E9),ISNUMBER(F9))),$J$2=""),"",MIN(100,ROUND(SUM($G9:P9),1))) -> 100 | BO9: =IF(OR(NOT(AND(ISNUMBER(E9),ISNUMBER(F9))),$J$2=""),"",MIN(100,ROUND(SUM($G9:P9),1))) -> 100 | BP9: =IF(OR(NOT(AND(ISNUMBER(E9),ISNUMBER(F9))),$J$2=""),"",MIN(100,ROUND(SUM($G9:P9),1))) -> 100 | BQ9: =IF(OR(NOT(AND(ISNUMBER(E9),ISNUMBER(F9))),$J$2=""),"",MIN(100,ROUND(SUM($G9:P9),1))) -> 100 | BR9: =IF(OR(NOT(AND(ISNUMBER(E9),ISNUMBER(F9))),$J$2=""),"",MIN(100,ROUND(SUM($G9:P9),1))) -> 100 | BS9: =IF(OR(NOT(AND(ISNUMBER(E9),ISNUMBER(F9))),$J$2=""),"",MIN(100,ROUND(SUM($G9:P9),1))) -> 100 | BT9: =IF(OR(NOT(AND(ISNUMBER(E9),ISNUMBER(F9))),$J$2=""),"",IF(Reprogramaciones!K$13<Reprogramaciones!$T$15,0,IF(Reprogramaciones!K$14>10,MIN(100,SUM($G9:$P9)),MIN(100,SUMPRODUCT((COLUMN($G9:$P9)-COLUMN($G9)+1<Reprogramaciones!K$14)*$G9:$P9)+N(INDEX($G9:$P9,1,Reprogramaciones!K$14))*IF(Reprogramaciones!K$13>=(Reprogramaciones!$T$15+7*(Reprogramaciones!K$14-1))+6,1,IF(MAX(0,NETWORKDAYS.INTL(MAX(E9,(Reprogramaciones!$T$15+7*(Reprogramaciones!K$14-1))),MIN(F9,(Reprogramaciones!$T$15+7*(Reprogramaciones!K$14-1))+6),11))=0,0,MAX(0,NETWORKDAYS.INTL(MAX(E9,(Reprogramaciones!$T$15+7*(Reprogramaciones!K$14-1))),MIN(F9,Reprogramaciones!K$13),11))/MAX(0,NETWORKDAYS.INTL(MAX(E9,(Reprogramaciones!$T$15+7*(Reprogramaciones!K$14-1))),MIN(F9,(Reprogramaciones!$T$15+7*(Reprogramaciones!K$14-1))+6),11)))))))) -> 100 | BU9: =IF(OR(NOT(AND(ISNUMBER(E9),ISNUMBER(F9))),$J$2=""),"",IF(Reprogramaciones!L$13<Reprogramaciones!$T$15,0,IF(Reprogramaciones!L$14>10,MIN(100,SUM($G9:$P9)),MIN(100,SUMPRODUCT((COLUMN($G9:$P9)-COLUMN($G9)+1<Reprogramaciones!L$14)*$G9:$P9)+N(INDEX($G9:$P9,1,Reprogramaciones!L$14))*IF(Reprogramaciones!L$13>=(Reprogramaciones!$T$15+7*(Reprogramaciones!L$14-1))+6,1,IF(MAX(0,NETWORKDAYS.INTL(MAX(E9,(Reprogramaciones!$T$15+7*(Reprogramaciones!L$14-1))),MIN(F9,(Reprogramaciones!$T$15+7*(Reprogramaciones!L$14-1))+6),11))=0,0,MAX(0,NETWORKDAYS.INTL(MAX(E9,(Reprogramaciones!$T$15+7*(Reprogramaciones!L$14-1))),MIN(F9,Reprogramaciones!L$13),11))/MAX(0,NETWORKDAYS.INTL(MAX(E9,(Reprogramaciones!$T$15+7*(Reprogramaciones!L$14-1))),MIN(F9,(Reprogramaciones!$T$15+7*(Reprogramaciones!L$14-1))+6),11)))))))) -> 100 | BV9: =IF(OR(NOT(AND(ISNUMBER(E9),ISNUMBER(F9))),$J$2=""),"",IF(Reprogramaciones!M$13<Reprogramaciones!$T$15,0,IF(Reprogramaciones!M$14>10,MIN(100,SUM($G9:$P9)),MIN(100,SUMPRODUCT((COLUMN($G9:$P9)-COLUMN($G9)+1<Reprogramaciones!M$14)*$G9:$P9)+N(INDEX($G9:$P9,1,Reprogramaciones!M$14))*IF(Reprogramaciones!M$13>=(Reprogramaciones!$T$15+7*(Reprogramaciones!M$14-1))+6,1,IF(MAX(0,NETWORKDAYS.INTL(MAX(E9,(Reprogramaciones!$T$15+7*(Reprogramaciones!M$14-1))),MIN(F9,(Reprogramaciones!$T$15+7*(Reprogramaciones!M$14-1))+6),11))=0,0,MAX(0,NETWORKDAYS.INTL(MAX(E9,(Reprogramaciones!$T$15+7*(Reprogramaciones!M$14-1))),MIN(F9,Reprogramaciones!M$13),11))/MAX(0,NETWORKDAYS.INTL(MAX(E9,(Reprogramaciones!$T$15+7*(Reprogramaciones!M$14-1))),MIN(F9,(Reprogramaciones!$T$15+7*(Reprogramaciones!M$14-1))+6),11)))))))) -> 100 | BW9: =IF(OR(NOT(AND(ISNUMBER(E9),ISNUMBER(F9))),$J$2=""),"",IF(Reprogramaciones!N$13<Reprogramaciones!$T$15,0,IF(Reprogramaciones!N$14>10,MIN(100,SUM($G9:$P9)),MIN(100,SUMPRODUCT((COLUMN($G9:$P9)-COLUMN($G9)+1<Reprogramaciones!N$14)*$G9:$P9)+N(INDEX($G9:$P9,1,Reprogramaciones!N$14))*IF(Reprogramaciones!N$13>=(Reprogramaciones!$T$15+7*(Reprogramaciones!N$14-1))+6,1,IF(MAX(0,NETWORKDAYS.INTL(MAX(E9,(Reprogramaciones!$T$15+7*(Reprogramaciones!N$14-1))),MIN(F9,(Reprogramaciones!$T$15+7*(Reprogramaciones!N$14-1))+6),11))=0,0,MAX(0,NETWORKDAYS.INTL(MAX(E9,(Reprogramaciones!$T$15+7*(Reprogramaciones!N$14-1))),MIN(F9,Reprogramaciones!N$13),11))/MAX(0,NETWORKDAYS.INTL(MAX(E9,(Reprogramaciones!$T$15+7*(Reprogramaciones!N$14-1))),MIN(F9,(Reprogramaciones!$T$15+7*(Reprogramaciones!N$14-1))+6),11)))))))) -> 100 | BX9: =IF(OR(NOT(AND(ISNUMBER(E9),ISNUMBER(F9))),$J$2=""),"",IF(Reprogramaciones!O$13<Reprogramaciones!$T$15,0,IF(Reprogramaciones!O$14>10,MIN(100,SUM($G9:$P9)),MIN(100,SUMPRODUCT((COLUMN($G9:$P9)-COLUMN($G9)+1<Reprogramaciones!O$14)*$G9:$P9)+N(INDEX($G9:$P9,1,Reprogramaciones!O$14))*IF(Reprogramaciones!O$13>=(Reprogramaciones!$T$15+7*(Reprogramaciones!O$14-1))+6,1,IF(MAX(0,NETWORKDAYS.INTL(MAX(E9,(Reprogramaciones!$T$15+7*(Reprogramaciones!O$14-1))),MIN(F9,(Reprogramaciones!$T$15+7*(Reprogramaciones!O$14-1))+6),11))=0,0,MAX(0,NETWORKDAYS.INTL(MAX(E9,(Reprogramaciones!$T$15+7*(Reprogramaciones!O$14-1))),MIN(F9,Reprogramaciones!O$13),11))/MAX(0,NETWORKDAYS.INTL(MAX(E9,(Reprogramaciones!$T$15+7*(Reprogramaciones!O$14-1))),MIN(F9,(Reprogramaciones!$T$15+7*(Reprogramaciones!O$14-1))+6),11)))))))) -> 100 | BY9: =IF(OR(NOT(AND(ISNUMBER(E9),ISNUMBER(F9))),$J$2=""),"",IF(Reprogramaciones!P$13<Reprogramaciones!$T$15,0,IF(Reprogramaciones!P$14>10,MIN(100,SUM($G9:$P9)),MIN(100,SUMPRODUCT((COLUMN($G9:$P9)-COLUMN($G9)+1<Reprogramaciones!P$14)*$G9:$P9)+N(INDEX($G9:$P9,1,Reprogramaciones!P$14))*IF(Reprogramaciones!P$13>=(Reprogramaciones!$T$15+7*(Reprogramaciones!P$14-1))+6,1,IF(MAX(0,NETWORKDAYS.INTL(MAX(E9,(Reprogramaciones!$T$15+7*(Reprogramaciones!P$14-1))),MIN(F9,(Reprogramaciones!$T$15+7*(Reprogramaciones!P$14-1))+6),11))=0,0,MAX(0,NETWORKDAYS.INTL(MAX(E9,(Reprogramaciones!$T$15+7*(Reprogramaciones!P$14-1))),MIN(F9,Reprogramaciones!P$13),11))/MAX(0,NETWORKDAYS.INTL(MAX(E9,(Reprogramaciones!$T$15+7*(Reprogramaciones!P$14-1))),MIN(F9,(Reprogramaciones!$T$15+7*(Reprogramaciones!P$14-1))+6),11)))))))) -> 100 | BZ9: =IF(OR(NOT(AND(ISNUMBER(E9),ISNUMBER(F9))),$J$2=""),"",IF(Reprogramaciones!Q$13<Reprogramaciones!$T$15,0,IF(Reprogramaciones!Q$14>10,MIN(100,SUM($G9:$P9)),MIN(100,SUMPRODUCT((COLUMN($G9:$P9)-COLUMN($G9)+1<Reprogramaciones!Q$14)*$G9:$P9)+N(INDEX($G9:$P9,1,Reprogramaciones!Q$14))*IF(Reprogramaciones!Q$13>=(Reprogramaciones!$T$15+7*(Reprogramaciones!Q$14-1))+6,1,IF(MAX(0,NETWORKDAYS.INTL(MAX(E9,(Reprogramaciones!$T$15+7*(Reprogramaciones!Q$14-1))),MIN(F9,(Reprogramaciones!$T$15+7*(Reprogramaciones!Q$14-1))+6),11))=0,0,MAX(0,NETWORKDAYS.INTL(MAX(E9,(Reprogramaciones!$T$15+7*(Reprogramaciones!Q$14-1))),MIN(F9,Reprogramaciones!Q$13),11))/MAX(0,NETWORKDAYS.INTL(MAX(E9,(Reprogramaciones!$T$15+7*(Reprogramaciones!Q$14-1))),MIN(F9,(Reprogramaciones!$T$15+7*(Reprogramaciones!Q$14-1))+6),11)))))))) -> 100 | CA9: =IF(OR(NOT(AND(ISNUMBER(E9),ISNUMBER(F9))),$J$2=""),"",IF(Reprogramaciones!R$13<Reprogramaciones!$T$15,0,IF(Reprogramaciones!R$14>10,MIN(100,SUM($G9:$P9)),MIN(100,SUMPRODUCT((COLUMN($G9:$P9)-COLUMN($G9)+1<Reprogramaciones!R$14)*$G9:$P9)+N(INDEX($G9:$P9,1,Reprogramaciones!R$14))*IF(Reprogramaciones!R$13>=(Reprogramaciones!$T$15+7*(Reprogramaciones!R$14-1))+6,1,IF(MAX(0,NETWORKDAYS.INTL(MAX(E9,(Reprogramaciones!$T$15+7*(Reprogramaciones!R$14-1))),MIN(F9,(Reprogramaciones!$T$15+7*(Reprogramaciones!R$14-1))+6),11))=0,0,MAX(0,NETWORKDAYS.INTL(MAX(E9,(Reprogramaciones!$T$15+7*(Reprogramaciones!R$14-1))),MIN(F9,Reprogramaciones!R$13),11))/MAX(0,NETWORKDAYS.INTL(MAX(E9,(Reprogramaciones!$T$15+7*(Reprogramaciones!R$14-1))),MIN(F9,(Reprogramaciones!$T$15+7*(Reprogramaciones!R$14-1))+6),11)))))))) -> 100 | CB9: =IF(OR(NOT(AND(ISNUMBER(E9),ISNUMBER(F9))),$J$2=""),"",IF(Reprogramaciones!S$13<Reprogramaciones!$T$15,0,IF(Reprogramaciones!S$14>10,MIN(100,SUM($G9:$P9)),MIN(100,SUMPRODUCT((COLUMN($G9:$P9)-COLUMN($G9)+1<Reprogramaciones!S$14)*$G9:$P9)+N(INDEX($G9:$P9,1,Reprogramaciones!S$14))*IF(Reprogramaciones!S$13>=(Reprogramaciones!$T$15+7*(Reprogramaciones!S$14-1))+6,1,IF(MAX(0,NETWORKDAYS.INTL(MAX(E9,(Reprogramaciones!$T$15+7*(Reprogramaciones!S$14-1))),MIN(F9,(Reprogramaciones!$T$15+7*(Reprogramaciones!S$14-1))+6),11))=0,0,MAX(0,NETWORKDAYS.INTL(MAX(E9,(Reprogramaciones!$T$15+7*(Reprogramaciones!S$14-1))),MIN(F9,Reprogramaciones!S$13),11))/MAX(0,NETWORKDAYS.INTL(MAX(E9,(Reprogramaciones!$T$15+7*(Reprogramaciones!S$14-1))),MIN(F9,(Reprogramaciones!$T$15+7*(Reprogramaciones!S$14-1))+6),11)))))))) -> 100 | CC9: =IF(OR(NOT(AND(ISNUMBER(E9),ISNUMBER(F9))),$J$2=""),"",IF(Reprogramaciones!T$13<Reprogramaciones!$T$15,0,IF(Reprogramaciones!T$14>10,MIN(100,SUM($G9:$P9)),MIN(100,SUMPRODUCT((COLUMN($G9:$P9)-COLUMN($G9)+1<Reprogramaciones!T$14)*$G9:$P9)+N(INDEX($G9:$P9,1,Reprogramaciones!T$14))*IF(Reprogramaciones!T$13>=(Reprogramaciones!$T$15+7*(Reprogramaciones!T$14-1))+6,1,IF(MAX(0,NETWORKDAYS.INTL(MAX(E9,(Reprogramaciones!$T$15+7*(Reprogramaciones!T$14-1))),MIN(F9,(Reprogramaciones!$T$15+7*(Reprogramaciones!T$14-1))+6),11))=0,0,MAX(0,NETWORKDAYS.INTL(MAX(E9,(Reprogramaciones!$T$15+7*(Reprogramaciones!T$14-1))),MIN(F9,Reprogramaciones!T$13),11))/MAX(0,NETWORKDAYS.INTL(MAX(E9,(Reprogramaciones!$T$15+7*(Reprogramaciones!T$14-1))),MIN(F9,(Reprogramaciones!$T$15+7*(Reprogramaciones!T$14-1))+6),11)))))))) -> 100 | CD9: =IF(OR(NOT(AND(ISNUMBER(E9),ISNUMBER(F9))),$J$2=""),"",IF(Reprogramaciones!U$13<Reprogramaciones!$T$15,0,IF(Reprogramaciones!U$14>10,MIN(100,SUM($G9:$P9)),MIN(100,SUMPRODUCT((COLUMN($G9:$P9)-COLUMN($G9)+1<Reprogramaciones!U$14)*$G9:$P9)+N(INDEX($G9:$P9,1,Reprogramaciones!U$14))*IF(Reprogramaciones!U$13>=(Reprogramaciones!$T$15+7*(Reprogramaciones!U$14-1))+6,1,IF(MAX(0,NETWORKDAYS.INTL(MAX(E9,(Reprogramaciones!$T$15+7*(Reprogramaciones!U$14-1))),MIN(F9,(Reprogramaciones!$T$15+7*(Reprogramaciones!U$14-1))+6),11))=0,0,MAX(0,NETWORKDAYS.INTL(MAX(E9,(Reprogramaciones!$T$15+7*(Reprogramaciones!U$14-1))),MIN(F9,Reprogramaciones!U$13),11))/MAX(0,NETWORKDAYS.INTL(MAX(E9,(Reprogramaciones!$T$15+7*(Reprogramaciones!U$14-1))),MIN(F9,(Reprogramaciones!$T$15+7*(Reprogramaciones!U$14-1))+6),11)))))))) -> 100 | CE9: =IF(OR(NOT(AND(ISNUMBER(E9),ISNUMBER(F9))),$J$2=""),"",IF(Reprogramaciones!V$13<Reprogramaciones!$T$15,0,IF(Reprogramaciones!V$14>10,MIN(100,SUM($G9:$P9)),MIN(100,SUMPRODUCT((COLUMN($G9:$P9)-COLUMN($G9)+1<Reprogramaciones!V$14)*$G9:$P9)+N(INDEX($G9:$P9,1,Reprogramaciones!V$14))*IF(Reprogramaciones!V$13>=(Reprogramaciones!$T$15+7*(Reprogramaciones!V$14-1))+6,1,IF(MAX(0,NETWORKDAYS.INTL(MAX(E9,(Reprogramaciones!$T$15+7*(Reprogramaciones!V$14-1))),MIN(F9,(Reprogramaciones!$T$15+7*(Reprogramaciones!V$14-1))+6),11))=0,0,MAX(0,NETWORKDAYS.INTL(MAX(E9,(Reprogramaciones!$T$15+7*(Reprogramaciones!V$14-1))),MIN(F9,Reprogramaciones!V$13),11))/MAX(0,NETWORKDAYS.INTL(MAX(E9,(Reprogramaciones!$T$15+7*(Reprogramaciones!V$14-1))),MIN(F9,(Reprogramaciones!$T$15+7*(Reprogramaciones!V$14-1))+6),11)))))))) -> 100 | CF9: =IF(OR(NOT(AND(ISNUMBER(E9),ISNUMBER(F9))),$J$2=""),"",IF(Reprogramaciones!W$13<Reprogramaciones!$T$15,0,IF(Reprogramaciones!W$14>10,MIN(100,SUM($G9:$P9)),MIN(100,SUMPRODUCT((COLUMN($G9:$P9)-COLUMN($G9)+1<Reprogramaciones!W$14)*$G9:$P9)+N(INDEX($G9:$P9,1,Reprogramaciones!W$14))*IF(Reprogramaciones!W$13>=(Reprogramaciones!$T$15+7*(Reprogramaciones!W$14-1))+6,1,IF(MAX(0,NETWORKDAYS.INTL(MAX(E9,(Reprogramaciones!$T$15+7*(Reprogramaciones!W$14-1))),MIN(F9,(Reprogramaciones!$T$15+7*(Reprogramaciones!W$14-1))+6),11))=0,0,MAX(0,NETWORKDAYS.INTL(MAX(E9,(Reprogramaciones!$T$15+7*(Reprogramaciones!W$14-1))),MIN(F9,Reprogramaciones!W$13),11))/MAX(0,NETWORKDAYS.INTL(MAX(E9,(Reprogramaciones!$T$15+7*(Reprogramaciones!W$14-1))),MIN(F9,(Reprogramaciones!$T$15+7*(Reprogramaciones!W$14-1))+6),11)))))))) -> 100 | CG9: =IF(OR(NOT(AND(ISNUMBER(E9),ISNUMBER(F9))),$J$2=""),"",IF(Reprogramaciones!X$13<Reprogramaciones!$T$15,0,IF(Reprogramaciones!X$14>10,MIN(100,SUM($G9:$P9)),MIN(100,SUMPRODUCT((COLUMN($G9:$P9)-COLUMN($G9)+1<Reprogramaciones!X$14)*$G9:$P9)+N(INDEX($G9:$P9,1,Reprogramaciones!X$14))*IF(Reprogramaciones!X$13>=(Reprogramaciones!$T$15+7*(Reprogramaciones!X$14-1))+6,1,IF(MAX(0,NETWORKDAYS.INTL(MAX(E9,(Reprogramaciones!$T$15+7*(Reprogramaciones!X$14-1))),MIN(F9,(Reprogramaciones!$T$15+7*(Reprogramaciones!X$14-1))+6),11))=0,0,MAX(0,NETWORKDAYS.INTL(MAX(E9,(Reprogramaciones!$T$15+7*(Reprogramaciones!X$14-1))),MIN(F9,Reprogramaciones!X$13),11))/MAX(0,NETWORKDAYS.INTL(MAX(E9,(Reprogramaciones!$T$15+7*(Reprogramaciones!X$14-1))),MIN(F9,(Reprogramaciones!$T$15+7*(Reprogramaciones!X$14-1))+6),11)))))))) -> 100 | CH9: =IF(OR(NOT(AND(ISNUMBER(E9),ISNUMBER(F9))),$J$2=""),"",IF(Reprogramaciones!Y$13<Reprogramaciones!$T$15,0,IF(Reprogramaciones!Y$14>10,MIN(100,SUM($G9:$P9)),MIN(100,SUMPRODUCT((COLUMN($G9:$P9)-COLUMN($G9)+1<Reprogramaciones!Y$14)*$G9:$P9)+N(INDEX($G9:$P9,1,Reprogramaciones!Y$14))*IF(Reprogramaciones!Y$13>=(Reprogramaciones!$T$15+7*(Reprogramaciones!Y$14-1))+6,1,IF(MAX(0,NETWORKDAYS.INTL(MAX(E9,(Reprogramaciones!$T$15+7*(Reprogramaciones!Y$14-1))),MIN(F9,(Reprogramaciones!$T$15+7*(Reprogramaciones!Y$14-1))+6),11))=0,0,MAX(0,NETWORKDAYS.INTL(MAX(E9,(Reprogramaciones!$T$15+7*(Reprogramaciones!Y$14-1))),MIN(F9,Reprogramaciones!Y$13),11))/MAX(0,NETWORKDAYS.INTL(MAX(E9,(Reprogramaciones!$T$15+7*(Reprogramaciones!Y$14-1))),MIN(F9,(Reprogramaciones!$T$15+7*(Reprogramaciones!Y$14-1))+6),11)))))))) -> 100 | CI9: =IF(OR(NOT(AND(ISNUMBER(E9),ISNUMBER(F9))),$J$2=""),"",IF(Reprogramaciones!Z$13<Reprogramaciones!$T$15,0,IF(Reprogramaciones!Z$14>10,MIN(100,SUM($G9:$P9)),MIN(100,SUMPRODUCT((COLUMN($G9:$P9)-COLUMN($G9)+1<Reprogramaciones!Z$14)*$G9:$P9)+N(INDEX($G9:$P9,1,Reprogramaciones!Z$14))*IF(Reprogramaciones!Z$13>=(Reprogramaciones!$T$15+7*(Reprogramaciones!Z$14-1))+6,1,IF(MAX(0,NETWORKDAYS.INTL(MAX(E9,(Reprogramaciones!$T$15+7*(Reprogramaciones!Z$14-1))),MIN(F9,(Reprogramaciones!$T$15+7*(Reprogramaciones!Z$14-1))+6),11))=0,0,MAX(0,NETWORKDAYS.INTL(MAX(E9,(Reprogramaciones!$T$15+7*(Reprogramaciones!Z$14-1))),MIN(F9,Reprogramaciones!Z$13),11))/MAX(0,NETWORKDAYS.INTL(MAX(E9,(Reprogramaciones!$T$15+7*(Reprogramaciones!Z$14-1))),MIN(F9,(Reprogramaciones!$T$15+7*(Reprogramaciones!Z$14-1))+6),11)))))))) -> 100 | CJ9: =IF(OR(OR(NOT(AND(ISNUMBER(E9),ISNUMBER(F9))),$J$2=""),1>Reprogramaciones!$K$16),"",IF(ROUND(SUM($Q9:Q9),1)>=99.5,100,MIN(100,ROUND(SUM($Q9:Q9),1)))) -> 100 | CK9: =IF(OR(OR(NOT(AND(ISNUMBER(E9),ISNUMBER(F9))),$J$2=""),2>Reprogramaciones!$K$16),"",IF(ROUND(SUM($Q9:R9),1)>=99.5,100,MIN(100,ROUND(SUM($Q9:R9),1)))) -> 100 | CL9: =IF(OR(OR(NOT(AND(ISNUMBER(E9),ISNUMBER(F9))),$J$2=""),3>Reprogramaciones!$K$16),"",IF(ROUND(SUM($Q9:S9),1)>=99.5,100,MIN(100,ROUND(SUM($Q9:S9),1)))) -> 100 | CM9: =IF(OR(OR(NOT(AND(ISNUMBER(E9),ISNUMBER(F9))),$J$2=""),4>Reprogramaciones!$K$16),"",IF(ROUND(SUM($Q9:T9),1)>=99.5,100,MIN(100,ROUND(SUM($Q9:T9),1)))) -> 100 | CN9: =IF(OR(OR(NOT(AND(ISNUMBER(E9),ISNUMBER(F9))),$J$2=""),5>Reprogramaciones!$K$16),"",IF(ROUND(SUM($Q9:U9),1)>=99.5,100,MIN(100,ROUND(SUM($Q9:U9),1)))) -> 100 | CO9: =IF(OR(OR(NOT(AND(ISNUMBER(E9),ISNUMBER(F9))),$J$2=""),6>Reprogramaciones!$K$16),"",IF(ROUND(SUM($Q9:V9),1)>=99.5,100,MIN(100,ROUND(SUM($Q9:V9),1)))) | CP9: =IF(OR(OR(NOT(AND(ISNUMBER(E9),ISNUMBER(F9))),$J$2=""),7>Reprogramaciones!$K$16),"",IF(ROUND(SUM($Q9:W9),1)>=99.5,100,MIN(100,ROUND(SUM($Q9:W9),1)))) | CQ9: =IF(OR(OR(NOT(AND(ISNUMBER(E9),ISNUMBER(F9))),$J$2=""),8>Reprogramaciones!$K$16),"",IF(ROUND(SUM($Q9:X9),1)>=99.5,100,MIN(100,ROUND(SUM($Q9:X9),1)))) | CR9: =IF(OR(OR(NOT(AND(ISNUMBER(E9),ISNUMBER(F9))),$J$2=""),9>Reprogramaciones!$K$16),"",IF(ROUND(SUM($Q9:Y9),1)>=99.5,100,MIN(100,ROUND(SUM($Q9:Y9),1)))) | CS9: =IF(OR(OR(NOT(AND(ISNUMBER(E9),ISNUMBER(F9))),$J$2=""),10>Reprogramaciones!$K$16),"",IF(ROUND(SUM($Q9:Z9),1)>=99.5,100,MIN(100,ROUND(SUM($Q9:Z9),1)))) | CT9: =IF(OR(OR(NOT(AND(ISNUMBER(E9),ISNUMBER(F9))),$J$2=""),11>Reprogramaciones!$K$16),"",IF(ROUND(SUM($Q9:AA9),1)>=99.5,100,MIN(100,ROUND(SUM($Q9:AA9),1)))) | CU9: =IF(OR(OR(NOT(AND(ISNUMBER(E9),ISNUMBER(F9))),$J$2=""),12>Reprogramaciones!$K$16),"",IF(ROUND(SUM($Q9:AB9),1)>=99.5,100,MIN(100,ROUND(SUM($Q9:AB9),1)))) | CV9: =IF(OR(OR(NOT(AND(ISNUMBER(E9),ISNUMBER(F9))),$J$2=""),13>Reprogramaciones!$K$16),"",IF(ROUND(SUM($Q9:AC9),1)>=99.5,100,MIN(100,ROUND(SUM($Q9:AC9),1)))) | CW9: =IF(OR(OR(NOT(AND(ISNUMBER(E9),ISNUMBER(F9))),$J$2=""),14>Reprogramaciones!$K$16),"",IF(ROUND(SUM($Q9:AD9),1)>=99.5,100,MIN(100,ROUND(SUM($Q9:AD9),1)))) | CX9: =IF(OR(OR(NOT(AND(ISNUMBER(E9),ISNUMBER(F9))),$J$2=""),15>Reprogramaciones!$K$16),"",IF(ROUND(SUM($Q9:AE9),1)>=99.5,100,MIN(100,ROUND(SUM($Q9:AE9),1)))) | CY9: =IF(OR(OR(NOT(AND(ISNUMBER(E9),ISNUMBER(F9))),$J$2=""),16>Reprogramaciones!$K$16),"",IF(ROUND(SUM($Q9:AF9),1)>=99.5,100,MIN(100,ROUND(SUM($Q9:AF9),1)))) | CZ9: =IF(D9<>"",D9,IF(B9<>"","Contractual",CZ8)) -> Contractual | DA9: =IF(OR(NOT(AND(ISNUMBER(E9),ISNUMBER(F9))),$J$2=""),"",IF(Reprogramaciones!$Q$15<Reprogramaciones!$T$15,0,IF(Reprogramaciones!$S$15>10,MIN(100,SUM($G9:$P9)),MIN(100,SUMPRODUCT((COLUMN($G9:$P9)-COLUMN($G9)+1<Reprogramaciones!$S$15)*$G9:$P9)+N(INDEX($G9:$P9,1,Reprogramaciones!$S$15))*IF(Reprogramaciones!$Q$15>=(Reprogramaciones!$T$15+7*(Reprogramaciones!$S$15-1))+6,1,IF(MAX(0,NETWORKDAYS.INTL(MAX(E9,(Reprogramaciones!$T$15+7*(Reprogramaciones!$S$15-1))),MIN(F9,(Reprogramaciones!$T$15+7*(Reprogramaciones!$S$15-1))+6),11))=0,0,MAX(0,NETWORKDAYS.INTL(MAX(E9,(Reprogramaciones!$T$15+7*(Reprogramaciones!$S$15-1))),MIN(F9,Reprogramaciones!$Q$15),11))/MAX(0,NETWORKDAYS.INTL(MAX(E9,(Reprogramaciones!$T$15+7*(Reprogramaciones!$S$15-1))),MIN(F9,(Reprogramaciones!$T$15+7*(Reprogramaciones!$S$15-1))+6),11)))))))) -> 100
A10: 02 | B10: Desmontajes y demoliciones | G10: =IF(OR(NOT(AND(ISNUMBER(E10),ISNUMBER(F10))),$J$2=""),"",IF(Reprogramaciones!K$9<E10,0,IF(NETWORKDAYS.INTL(E10,F10,11)=0,IF(Reprogramaciones!K$9>=F10,100,0),ROUND(NETWORKDAYS.INTL(E10,MIN(F10,Reprogramaciones!K$9),11)/NETWORKDAYS.INTL(E10,F10,11)*100,1)))-0) | H10: =IF(OR(NOT(AND(ISNUMBER(E10),ISNUMBER(F10))),$J$2=""),"",IF(Reprogramaciones!L$9<E10,0,IF(NETWORKDAYS.INTL(E10,F10,11)=0,IF(Reprogramaciones!L$9>=F10,100,0),ROUND(NETWORKDAYS.INTL(E10,MIN(F10,Reprogramaciones!L$9),11)/NETWORKDAYS.INTL(E10,F10,11)*100,1)))-IF(Reprogramaciones!K$9<E10,0,IF(NETWORKDAYS.INTL(E10,F10,11)=0,IF(Reprogramaciones!K$9>=F10,100,0),ROUND(NETWORKDAYS.INTL(E10,MIN(F10,Reprogramaciones!K$9),11)/NETWORKDAYS.INTL(E10,F10,11)*100,1)))) | I10: =IF(OR(NOT(AND(ISNUMBER(E10),ISNUMBER(F10))),$J$2=""),"",IF(Reprogramaciones!M$9<E10,0,IF(NETWORKDAYS.INTL(E10,F10,11)=0,IF(Reprogramaciones!M$9>=F10,100,0),ROUND(NETWORKDAYS.INTL(E10,MIN(F10,Reprogramaciones!M$9),11)/NETWORKDAYS.INTL(E10,F10,11)*100,1)))-IF(Reprogramaciones!L$9<E10,0,IF(NETWORKDAYS.INTL(E10,F10,11)=0,IF(Reprogramaciones!L$9>=F10,100,0),ROUND(NETWORKDAYS.INTL(E10,MIN(F10,Reprogramaciones!L$9),11)/NETWORKDAYS.INTL(E10,F10,11)*100,1)))) | J10: =IF(OR(NOT(AND(ISNUMBER(E10),ISNUMBER(F10))),$J$2=""),"",IF(Reprogramaciones!N$9<E10,0,IF(NETWORKDAYS.INTL(E10,F10,11)=0,IF(Reprogramaciones!N$9>=F10,100,0),ROUND(NETWORKDAYS.INTL(E10,MIN(F10,Reprogramaciones!N$9),11)/NETWORKDAYS.INTL(E10,F10,11)*100,1)))-IF(Reprogramaciones!M$9<E10,0,IF(NETWORKDAYS.INTL(E10,F10,11)=0,IF(Reprogramaciones!M$9>=F10,100,0),ROUND(NETWORKDAYS.INTL(E10,MIN(F10,Reprogramaciones!M$9),11)/NETWORKDAYS.INTL(E10,F10,11)*100,1)))) | K10: =IF(OR(NOT(AND(ISNUMBER(E10),ISNUMBER(F10))),$J$2=""),"",IF(Reprogramaciones!O$9<E10,0,IF(NETWORKDAYS.INTL(E10,F10,11)=0,IF(Reprogramaciones!O$9>=F10,100,0),ROUND(NETWORKDAYS.INTL(E10,MIN(F10,Reprogramaciones!O$9),11)/NETWORKDAYS.INTL(E10,F10,11)*100,1)))-IF(Reprogramaciones!N$9<E10,0,IF(NETWORKDAYS.INTL(E10,F10,11)=0,IF(Reprogramaciones!N$9>=F10,100,0),ROUND(NETWORKDAYS.INTL(E10,MIN(F10,Reprogramaciones!N$9),11)/NETWORKDAYS.INTL(E10,F10,11)*100,1)))) | L10: =IF(OR(NOT(AND(ISNUMBER(E10),ISNUMBER(F10))),$J$2=""),"",IF(Reprogramaciones!P$9<E10,0,IF(NETWORKDAYS.INTL(E10,F10,11)=0,IF(Reprogramaciones!P$9>=F10,100,0),ROUND(NETWORKDAYS.INTL(E10,MIN(F10,Reprogramaciones!P$9),11)/NETWORKDAYS.INTL(E10,F10,11)*100,1)))-IF(Reprogramaciones!O$9<E10,0,IF(NETWORKDAYS.INTL(E10,F10,11)=0,IF(Reprogramaciones!O$9>=F10,100,0),ROUND(NETWORKDAYS.INTL(E10,MIN(F10,Reprogramaciones!O$9),11)/NETWORKDAYS.INTL(E10,F10,11)*100,1)))) | M10: =IF(OR(NOT(AND(ISNUMBER(E10),ISNUMBER(F10))),$J$2=""),"",IF(Reprogramaciones!Q$9<E10,0,IF(NETWORKDAYS.INTL(E10,F10,11)=0,IF(Reprogramaciones!Q$9>=F10,100,0),ROUND(NETWORKDAYS.INTL(E10,MIN(F10,Reprogramaciones!Q$9),11)/NETWORKDAYS.INTL(E10,F10,11)*100,1)))-IF(Reprogramaciones!P$9<E10,0,IF(NETWORKDAYS.INTL(E10,F10,11)=0,IF(Reprogramaciones!P$9>=F10,100,0),ROUND(NETWORKDAYS.INTL(E10,MIN(F10,Reprogramaciones!P$9),11)/NETWORKDAYS.INTL(E10,F10,11)*100,1)))) | N10: =IF(OR(NOT(AND(ISNUMBER(E10),ISNUMBER(F10))),$J$2=""),"",IF(Reprogramaciones!R$9<E10,0,IF(NETWORKDAYS.INTL(E10,F10,11)=0,IF(Reprogramaciones!R$9>=F10,100,0),ROUND(NETWORKDAYS.INTL(E10,MIN(F10,Reprogramaciones!R$9),11)/NETWORKDAYS.INTL(E10,F10,11)*100,1)))-IF(Reprogramaciones!Q$9<E10,0,IF(NETWORKDAYS.INTL(E10,F10,11)=0,IF(Reprogramaciones!Q$9>=F10,100,0),ROUND(NETWORKDAYS.INTL(E10,MIN(F10,Reprogramaciones!Q$9),11)/NETWORKDAYS.INTL(E10,F10,11)*100,1)))) | O10: =IF(OR(NOT(AND(ISNUMBER(E10),ISNUMBER(F10))),$J$2=""),"",IF(Reprogramaciones!S$9<E10,0,IF(NETWORKDAYS.INTL(E10,F10,11)=0,IF(Reprogramaciones!S$9>=F10,100,0),ROUND(NETWORKDAYS.INTL(E10,MIN(F10,Reprogramaciones!S$9),11)/NETWORKDAYS.INTL(E10,F10,11)*100,1)))-IF(Reprogramaciones!R$9<E10,0,IF(NETWORKDAYS.INTL(E10,F10,11)=0,IF(Reprogramaciones!R$9>=F10,100,0),ROUND(NETWORKDAYS.INTL(E10,MIN(F10,Reprogramaciones!R$9),11)/NETWORKDAYS.INTL(E10,F10,11)*100,1)))) | P10: =IF(OR(NOT(AND(ISNUMBER(E10),ISNUMBER(F10))),$J$2=""),"",IF(Reprogramaciones!T$9<E10,0,IF(NETWORKDAYS.INTL(E10,F10,11)=0,IF(Reprogramaciones!T$9>=F10,100,0),ROUND(NETWORKDAYS.INTL(E10,MIN(F10,Reprogramaciones!T$9),11)/NETWORKDAYS.INTL(E10,F10,11)*100,1)))-IF(Reprogramaciones!S$9<E10,0,IF(NETWORKDAYS.INTL(E10,F10,11)=0,IF(Reprogramaciones!S$9>=F10,100,0),ROUND(NETWORKDAYS.INTL(E10,MIN(F10,Reprogramaciones!S$9),11)/NETWORKDAYS.INTL(E10,F10,11)*100,1)))) | AG10: =IF(AND(ISNUMBER(E10),ISNUMBER(F10)),NETWORKDAYS.INTL(E10,F10,11),"") | AH10: =IF(OR(NOT(AND(ISNUMBER(E10),ISNUMBER(F10))),$J$2=""),"",IF(Reprogramaciones!$P$15<Reprogramaciones!$T$15,0,IF(Reprogramaciones!$R$15>10,MIN(100,SUM($G10:$P10)),MIN(100,SUMPRODUCT((COLUMN($G10:$P10)-COLUMN($G10)+1<Reprogramaciones!$R$15)*$G10:$P10)+N(INDEX($G10:$P10,1,Reprogramaciones!$R$15))*IF(Reprogramaciones!$P$15>=(Reprogramaciones!$T$15+7*(Reprogramaciones!$R$15-1))+6,1,IF(MAX(0,NETWORKDAYS.INTL(MAX(E10,(Reprogramaciones!$T$15+7*(Reprogramaciones!$R$15-1))),MIN(F10,(Reprogramaciones!$T$15+7*(Reprogramaciones!$R$15-1))+6),11))=0,0,MAX(0,NETWORKDAYS.INTL(MAX(E10,(Reprogramaciones!$T$15+7*(Reprogramaciones!$R$15-1))),MIN(F10,Reprogramaciones!$P$15),11))/MAX(0,NETWORKDAYS.INTL(MAX(E10,(Reprogramaciones!$T$15+7*(Reprogramaciones!$R$15-1))),MIN(F10,(Reprogramaciones!$T$15+7*(Reprogramaciones!$R$15-1))+6),11)))))))) | AI10: =IF(COUNT($Q10:$AF10)=0,"",IF(ROUND(SUM($Q10:$AF10),1)>=99.5,100,MIN(100,ROUND(SUM($Q10:$AF10),1)))) | AJ10: =IF(OR(AH10="",AI10=""),"",AI10-AH10) | AK10: =IF(AH10="","",IF(OR(Ficha!$C$10="Suspendida",Ficha!$C$10="Cancelada"),Ficha!$C$10,IF(AND(AI10<>"",N(AI10)>=100),"Completada",IF(AND(E10>TODAY(),N(AI10)=0),"Por iniciar",IF(N(AI10)+0.5<AH10,"Retrasada",IF(N(AI10)+0.5<DA10,IF(Reprogramaciones!$K$15>0,"Al día · Sem "&Reprogramaciones!$K$15&" en curso","Al día · en curso"),"A tiempo")))))) | AL10: =IF(AND(A10="",AND(B10="",C10="",E10="",F10="",COUNT(Q10:AF10)=0)),"",IF(AND(B10="",C10="",E10="",F10="",COUNT(Q10:AF10)=0),"Falta la partida o subpartida",IF(AND(A10<>"",COUNTIF($A$6:$A$305,A10)>1),"Ítem repetido",IF(AND(C10="",E10="",F10="",COUNT(Q10:AF10)=0),"Título de partida",IF(OR(E10="",F10=""),"Faltan fechas",IF(OR(ISTEXT(E10),ISTEXT(F10)),"Fecha escrita como texto: usa dd/mm/aaaa",IF(F10<E10,"Fin antes del inicio",IF(IF($J$2="",FALSE(),OR(E10<$J$2,F10>Reprogramaciones!$T$15+69)),"Fuera de las 10 semanas",IF(ABS(SUM(G10:P10)-100)>0.5,"La meta no suma 100%",IF(ROUND(SUM(Q10:AF10),1)>100.5,"El avance pasa de 100%",IF(MIN(Q10:AF10)<0,"Avance negativo",IF(COUNTA(Q10:AF10)>COUNT(Q10:AF10),"Avance escrito como texto",IF(SUMPRODUCT((Q10:AF10>0)*(Q10:AF10<1))>0,"Avance menor a 1: escribe 50, no 50%",IF(SUMPRODUCT(ISNUMBER(Q10:AF10)*(Reprogramaciones!$K$8:$Z$8>TODAY()))>0,"Avance en semana que aún no llega",IF(AND(N(Reprogramaciones!$E$21)>0,F10>Reprogramaciones!$E$21),"Pasa el fin de la obra: registra una reprogramación",IF(AND(N(Reprogramaciones!$E$21)>0,SUMPRODUCT(ISNUMBER(Q10:AF10)*(Reprogramaciones!$K$8:$Z$8>Reprogramaciones!$E$21))>0),"Avance después del fin de la obra: registra una reprogramación por atraso","OK")))))))))))))))) -> Título de partida | AM10: =IF(OR(OR(NOT(AND(ISNUMBER(E10),ISNUMBER(F10))),$J$2=""),1>MAX(1,Reprogramaciones!$U$15)),"",IF(Reprogramaciones!K$12>=7,"",IF(OR(BT10-N(0)>0.05,N(Q10)>0),ROUNDDOWN(ROUND(BT10,6),0)&"%"&IF(CJ10="",""," / "&CJ10&"%"),IF(AND(N(0)>=99.95,CJ10<>"",N(CJ10)<100),"Pend. "&CJ10&"%","")))) | AN10: =IF(OR(OR(NOT(AND(ISNUMBER(E10),ISNUMBER(F10))),$J$2=""),2>MAX(1,Reprogramaciones!$U$15)),"",IF(Reprogramaciones!L$12>=7,"",IF(OR(BU10-N(BT10)>0.05,N(R10)>0),ROUNDDOWN(ROUND(BU10,6),0)&"%"&IF(CK10="",""," / "&CK10&"%"),IF(AND(N(BT10)>=99.95,CK10<>"",N(CK10)<100),"Pend. "&CK10&"%","")))) | AO10: =IF(OR(OR(NOT(AND(ISNUMBER(E10),ISNUMBER(F10))),$J$2=""),3>MAX(1,Reprogramaciones!$U$15)),"",IF(Reprogramaciones!M$12>=7,"",IF(OR(BV10-N(BU10)>0.05,N(S10)>0),ROUNDDOWN(ROUND(BV10,6),0)&"%"&IF(CL10="",""," / "&CL10&"%"),IF(AND(N(BU10)>=99.95,CL10<>"",N(CL10)<100),"Pend. "&CL10&"%","")))) | AP10: =IF(OR(OR(NOT(AND(ISNUMBER(E10),ISNUMBER(F10))),$J$2=""),4>MAX(1,Reprogramaciones!$U$15)),"",IF(Reprogramaciones!N$12>=7,"",IF(OR(BW10-N(BV10)>0.05,N(T10)>0),ROUNDDOWN(ROUND(BW10,6),0)&"%"&IF(CM10="",""," / "&CM10&"%"),IF(AND(N(BV10)>=99.95,CM10<>"",N(CM10)<100),"Pend. "&CM10&"%","")))) | AQ10: =IF(OR(OR(NOT(AND(ISNUMBER(E10),ISNUMBER(F10))),$J$2=""),5>MAX(1,Reprogramaciones!$U$15)),"",IF(Reprogramaciones!O$12>=7,"",IF(OR(BX10-N(BW10)>0.05,N(U10)>0),ROUNDDOWN(ROUND(BX10,6),0)&"%"&IF(CN10="",""," / "&CN10&"%"),IF(AND(N(BW10)>=99.95,CN10<>"",N(CN10)<100),"Pend. "&CN10&"%","")))) | AR10: =IF(OR(OR(NOT(AND(ISNUMBER(E10),ISNUMBER(F10))),$J$2=""),6>MAX(1,Reprogramaciones!$U$15)),"",IF(Reprogramaciones!P$12>=7,"",IF(OR(BY10-N(BX10)>0.05,N(V10)>0),ROUNDDOWN(ROUND(BY10,6),0)&"%"&IF(CO10="",""," / "&CO10&"%"),IF(AND(N(BX10)>=99.95,CO10<>"",N(CO10)<100),"Pend. "&CO10&"%","")))) | AS10: =IF(OR(OR(NOT(AND(ISNUMBER(E10),ISNUMBER(F10))),$J$2=""),7>MAX(1,Reprogramaciones!$U$15)),"",IF(Reprogramaciones!Q$12>=7,"",IF(OR(BZ10-N(BY10)>0.05,N(W10)>0),ROUNDDOWN(ROUND(BZ10,6),0)&"%"&IF(CP10="",""," / "&CP10&"%"),IF(AND(N(BY10)>=99.95,CP10<>"",N(CP10)<100),"Pend. "&CP10&"%","")))) | AT10: =IF(OR(OR(NOT(AND(ISNUMBER(E10),ISNUMBER(F10))),$J$2=""),8>MAX(1,Reprogramaciones!$U$15)),"",IF(Reprogramaciones!R$12>=7,"",IF(OR(CA10-N(BZ10)>0.05,N(X10)>0),ROUNDDOWN(ROUND(CA10,6),0)&"%"&IF(CQ10="",""," / "&CQ10&"%"),IF(AND(N(BZ10)>=99.95,CQ10<>"",N(CQ10)<100),"Pend. "&CQ10&"%","")))) | AU10: =IF(OR(OR(NOT(AND(ISNUMBER(E10),ISNUMBER(F10))),$J$2=""),9>MAX(1,Reprogramaciones!$U$15)),"",IF(Reprogramaciones!S$12>=7,"",IF(OR(CB10-N(CA10)>0.05,N(Y10)>0),ROUNDDOWN(ROUND(CB10,6),0)&"%"&IF(CR10="",""," / "&CR10&"%"),IF(AND(N(CA10)>=99.95,CR10<>"",N(CR10)<100),"Pend. "&CR10&"%","")))) | AV10: =IF(OR(OR(NOT(AND(ISNUMBER(E10),ISNUMBER(F10))),$J$2=""),10>MAX(1,Reprogramaciones!$U$15)),"",IF(Reprogramaciones!T$12>=7,"",IF(OR(CC10-N(CB10)>0.05,N(Z10)>0),ROUNDDOWN(ROUND(CC10,6),0)&"%"&IF(CS10="",""," / "&CS10&"%"),IF(AND(N(CB10)>=99.95,CS10<>"",N(CS10)<100),"Pend. "&CS10&"%","")))) | AW10: =IF(OR(OR(NOT(AND(ISNUMBER(E10),ISNUMBER(F10))),$J$2=""),11>MAX(1,Reprogramaciones!$U$15)),"",IF(Reprogramaciones!U$12>=7,"",IF(OR(CD10-N(CC10)>0.05,N(AA10)>0),ROUNDDOWN(ROUND(CD10,6),0)&"%"&IF(CT10="",""," / "&CT10&"%"),IF(AND(N(CC10)>=99.95,CT10<>"",N(CT10)<100),"Pend. "&CT10&"%","")))) | AX10: =IF(OR(OR(NOT(AND(ISNUMBER(E10),ISNUMBER(F10))),$J$2=""),12>MAX(1,Reprogramaciones!$U$15)),"",IF(Reprogramaciones!V$12>=7,"",IF(OR(CE10-N(CD10)>0.05,N(AB10)>0),ROUNDDOWN(ROUND(CE10,6),0)&"%"&IF(CU10="",""," / "&CU10&"%"),IF(AND(N(CD10)>=99.95,CU10<>"",N(CU10)<100),"Pend. "&CU10&"%","")))) | AY10: =IF(OR(OR(NOT(AND(ISNUMBER(E10),ISNUMBER(F10))),$J$2=""),13>MAX(1,Reprogramaciones!$U$15)),"",IF(Reprogramaciones!W$12>=7,"",IF(OR(CF10-N(CE10)>0.05,N(AC10)>0),ROUNDDOWN(ROUND(CF10,6),0)&"%"&IF(CV10="",""," / "&CV10&"%"),IF(AND(N(CE10)>=99.95,CV10<>"",N(CV10)<100),"Pend. "&CV10&"%","")))) | AZ10: =IF(OR(OR(NOT(AND(ISNUMBER(E10),ISNUMBER(F10))),$J$2=""),14>MAX(1,Reprogramaciones!$U$15)),"",IF(Reprogramaciones!X$12>=7,"",IF(OR(CG10-N(CF10)>0.05,N(AD10)>0),ROUNDDOWN(ROUND(CG10,6),0)&"%"&IF(CW10="",""," / "&CW10&"%"),IF(AND(N(CF10)>=99.95,CW10<>"",N(CW10)<100),"Pend. "&CW10&"%","")))) | BA10: =IF(OR(OR(NOT(AND(ISNUMBER(E10),ISNUMBER(F10))),$J$2=""),15>MAX(1,Reprogramaciones!$U$15)),"",IF(Reprogramaciones!Y$12>=7,"",IF(OR(CH10-N(CG10)>0.05,N(AE10)>0),ROUNDDOWN(ROUND(CH10,6),0)&"%"&IF(CX10="",""," / "&CX10&"%"),IF(AND(N(CG10)>=99.95,CX10<>"",N(CX10)<100),"Pend. "&CX10&"%","")))) | BB10: =IF(OR(OR(NOT(AND(ISNUMBER(E10),ISNUMBER(F10))),$J$2=""),16>MAX(1,Reprogramaciones!$U$15)),"",IF(Reprogramaciones!Z$12>=7,"",IF(OR(CI10-N(CH10)>0.05,N(AF10)>0),ROUNDDOWN(ROUND(CI10,6),0)&"%"&IF(CY10="",""," / "&CY10&"%"),IF(AND(N(CH10)>=99.95,CY10<>"",N(CY10)<100),"Pend. "&CY10&"%","")))) | BC10: =IF(AND(ISNUMBER(E10),ISNUMBER(F10)),MAX(1,NETWORKDAYS.INTL(E10,F10,11)),0) -> 0 | BD10: =IF(OR(NOT(AND(ISNUMBER(E10),ISNUMBER(F10))),$J$2=""),"",MIN(100,ROUND(SUM($G10:G10),1))) | BE10: =IF(OR(NOT(AND(ISNUMBER(E10),ISNUMBER(F10))),$J$2=""),"",MIN(100,ROUND(SUM($G10:H10),1))) | BF10: =IF(OR(NOT(AND(ISNUMBER(E10),ISNUMBER(F10))),$J$2=""),"",MIN(100,ROUND(SUM($G10:I10),1))) | BG10: =IF(OR(NOT(AND(ISNUMBER(E10),ISNUMBER(F10))),$J$2=""),"",MIN(100,ROUND(SUM($G10:J10),1))) | BH10: =IF(OR(NOT(AND(ISNUMBER(E10),ISNUMBER(F10))),$J$2=""),"",MIN(100,ROUND(SUM($G10:K10),1))) | BI10: =IF(OR(NOT(AND(ISNUMBER(E10),ISNUMBER(F10))),$J$2=""),"",MIN(100,ROUND(SUM($G10:L10),1))) | BJ10: =IF(OR(NOT(AND(ISNUMBER(E10),ISNUMBER(F10))),$J$2=""),"",MIN(100,ROUND(SUM($G10:M10),1))) | BK10: =IF(OR(NOT(AND(ISNUMBER(E10),ISNUMBER(F10))),$J$2=""),"",MIN(100,ROUND(SUM($G10:N10),1))) | BL10: =IF(OR(NOT(AND(ISNUMBER(E10),ISNUMBER(F10))),$J$2=""),"",MIN(100,ROUND(SUM($G10:O10),1))) | BM10: =IF(OR(NOT(AND(ISNUMBER(E10),ISNUMBER(F10))),$J$2=""),"",MIN(100,ROUND(SUM($G10:P10),1))) | BN10: =IF(OR(NOT(AND(ISNUMBER(E10),ISNUMBER(F10))),$J$2=""),"",MIN(100,ROUND(SUM($G10:P10),1))) | BO10: =IF(OR(NOT(AND(ISNUMBER(E10),ISNUMBER(F10))),$J$2=""),"",MIN(100,ROUND(SUM($G10:P10),1))) | BP10: =IF(OR(NOT(AND(ISNUMBER(E10),ISNUMBER(F10))),$J$2=""),"",MIN(100,ROUND(SUM($G10:P10),1))) | BQ10: =IF(OR(NOT(AND(ISNUMBER(E10),ISNUMBER(F10))),$J$2=""),"",MIN(100,ROUND(SUM($G10:P10),1))) | BR10: =IF(OR(NOT(AND(ISNUMBER(E10),ISNUMBER(F10))),$J$2=""),"",MIN(100,ROUND(SUM($G10:P10),1))) | BS10: =IF(OR(NOT(AND(ISNUMBER(E10),ISNUMBER(F10))),$J$2=""),"",MIN(100,ROUND(SUM($G10:P10),1))) | BT10: =IF(OR(NOT(AND(ISNUMBER(E10),ISNUMBER(F10))),$J$2=""),"",IF(Reprogramaciones!K$13<Reprogramaciones!$T$15,0,IF(Reprogramaciones!K$14>10,MIN(100,SUM($G10:$P10)),MIN(100,SUMPRODUCT((COLUMN($G10:$P10)-COLUMN($G10)+1<Reprogramaciones!K$14)*$G10:$P10)+N(INDEX($G10:$P10,1,Reprogramaciones!K$14))*IF(Reprogramaciones!K$13>=(Reprogramaciones!$T$15+7*(Reprogramaciones!K$14-1))+6,1,IF(MAX(0,NETWORKDAYS.INTL(MAX(E10,(Reprogramaciones!$T$15+7*(Reprogramaciones!K$14-1))),MIN(F10,(Reprogramaciones!$T$15+7*(Reprogramaciones!K$14-1))+6),11))=0,0,MAX(0,NETWORKDAYS.INTL(MAX(E10,(Reprogramaciones!$T$15+7*(Reprogramaciones!K$14-1))),MIN(F10,Reprogramaciones!K$13),11))/MAX(0,NETWORKDAYS.INTL(MAX(E10,(Reprogramaciones!$T$15+7*(Reprogramaciones!K$14-1))),MIN(F10,(Reprogramaciones!$T$15+7*(Reprogramaciones!K$14-1))+6),11)))))))) | BU10: =IF(OR(NOT(AND(ISNUMBER(E10),ISNUMBER(F10))),$J$2=""),"",IF(Reprogramaciones!L$13<Reprogramaciones!$T$15,0,IF(Reprogramaciones!L$14>10,MIN(100,SUM($G10:$P10)),MIN(100,SUMPRODUCT((COLUMN($G10:$P10)-COLUMN($G10)+1<Reprogramaciones!L$14)*$G10:$P10)+N(INDEX($G10:$P10,1,Reprogramaciones!L$14))*IF(Reprogramaciones!L$13>=(Reprogramaciones!$T$15+7*(Reprogramaciones!L$14-1))+6,1,IF(MAX(0,NETWORKDAYS.INTL(MAX(E10,(Reprogramaciones!$T$15+7*(Reprogramaciones!L$14-1))),MIN(F10,(Reprogramaciones!$T$15+7*(Reprogramaciones!L$14-1))+6),11))=0,0,MAX(0,NETWORKDAYS.INTL(MAX(E10,(Reprogramaciones!$T$15+7*(Reprogramaciones!L$14-1))),MIN(F10,Reprogramaciones!L$13),11))/MAX(0,NETWORKDAYS.INTL(MAX(E10,(Reprogramaciones!$T$15+7*(Reprogramaciones!L$14-1))),MIN(F10,(Reprogramaciones!$T$15+7*(Reprogramaciones!L$14-1))+6),11)))))))) | BV10: =IF(OR(NOT(AND(ISNUMBER(E10),ISNUMBER(F10))),$J$2=""),"",IF(Reprogramaciones!M$13<Reprogramaciones!$T$15,0,IF(Reprogramaciones!M$14>10,MIN(100,SUM($G10:$P10)),MIN(100,SUMPRODUCT((COLUMN($G10:$P10)-COLUMN($G10)+1<Reprogramaciones!M$14)*$G10:$P10)+N(INDEX($G10:$P10,1,Reprogramaciones!M$14))*IF(Reprogramaciones!M$13>=(Reprogramaciones!$T$15+7*(Reprogramaciones!M$14-1))+6,1,IF(MAX(0,NETWORKDAYS.INTL(MAX(E10,(Reprogramaciones!$T$15+7*(Reprogramaciones!M$14-1))),MIN(F10,(Reprogramaciones!$T$15+7*(Reprogramaciones!M$14-1))+6),11))=0,0,MAX(0,NETWORKDAYS.INTL(MAX(E10,(Reprogramaciones!$T$15+7*(Reprogramaciones!M$14-1))),MIN(F10,Reprogramaciones!M$13),11))/MAX(0,NETWORKDAYS.INTL(MAX(E10,(Reprogramaciones!$T$15+7*(Reprogramaciones!M$14-1))),MIN(F10,(Reprogramaciones!$T$15+7*(Reprogramaciones!M$14-1))+6),11)))))))) | BW10: =IF(OR(NOT(AND(ISNUMBER(E10),ISNUMBER(F10))),$J$2=""),"",IF(Reprogramaciones!N$13<Reprogramaciones!$T$15,0,IF(Reprogramaciones!N$14>10,MIN(100,SUM($G10:$P10)),MIN(100,SUMPRODUCT((COLUMN($G10:$P10)-COLUMN($G10)+1<Reprogramaciones!N$14)*$G10:$P10)+N(INDEX($G10:$P10,1,Reprogramaciones!N$14))*IF(Reprogramaciones!N$13>=(Reprogramaciones!$T$15+7*(Reprogramaciones!N$14-1))+6,1,IF(MAX(0,NETWORKDAYS.INTL(MAX(E10,(Reprogramaciones!$T$15+7*(Reprogramaciones!N$14-1))),MIN(F10,(Reprogramaciones!$T$15+7*(Reprogramaciones!N$14-1))+6),11))=0,0,MAX(0,NETWORKDAYS.INTL(MAX(E10,(Reprogramaciones!$T$15+7*(Reprogramaciones!N$14-1))),MIN(F10,Reprogramaciones!N$13),11))/MAX(0,NETWORKDAYS.INTL(MAX(E10,(Reprogramaciones!$T$15+7*(Reprogramaciones!N$14-1))),MIN(F10,(Reprogramaciones!$T$15+7*(Reprogramaciones!N$14-1))+6),11)))))))) | BX10: =IF(OR(NOT(AND(ISNUMBER(E10),ISNUMBER(F10))),$J$2=""),"",IF(Reprogramaciones!O$13<Reprogramaciones!$T$15,0,IF(Reprogramaciones!O$14>10,MIN(100,SUM($G10:$P10)),MIN(100,SUMPRODUCT((COLUMN($G10:$P10)-COLUMN($G10)+1<Reprogramaciones!O$14)*$G10:$P10)+N(INDEX($G10:$P10,1,Reprogramaciones!O$14))*IF(Reprogramaciones!O$13>=(Reprogramaciones!$T$15+7*(Reprogramaciones!O$14-1))+6,1,IF(MAX(0,NETWORKDAYS.INTL(MAX(E10,(Reprogramaciones!$T$15+7*(Reprogramaciones!O$14-1))),MIN(F10,(Reprogramaciones!$T$15+7*(Reprogramaciones!O$14-1))+6),11))=0,0,MAX(0,NETWORKDAYS.INTL(MAX(E10,(Reprogramaciones!$T$15+7*(Reprogramaciones!O$14-1))),MIN(F10,Reprogramaciones!O$13),11))/MAX(0,NETWORKDAYS.INTL(MAX(E10,(Reprogramaciones!$T$15+7*(Reprogramaciones!O$14-1))),MIN(F10,(Reprogramaciones!$T$15+7*(Reprogramaciones!O$14-1))+6),11)))))))) | BY10: =IF(OR(NOT(AND(ISNUMBER(E10),ISNUMBER(F10))),$J$2=""),"",IF(Reprogramaciones!P$13<Reprogramaciones!$T$15,0,IF(Reprogramaciones!P$14>10,MIN(100,SUM($G10:$P10)),MIN(100,SUMPRODUCT((COLUMN($G10:$P10)-COLUMN($G10)+1<Reprogramaciones!P$14)*$G10:$P10)+N(INDEX($G10:$P10,1,Reprogramaciones!P$14))*IF(Reprogramaciones!P$13>=(Reprogramaciones!$T$15+7*(Reprogramaciones!P$14-1))+6,1,IF(MAX(0,NETWORKDAYS.INTL(MAX(E10,(Reprogramaciones!$T$15+7*(Reprogramaciones!P$14-1))),MIN(F10,(Reprogramaciones!$T$15+7*(Reprogramaciones!P$14-1))+6),11))=0,0,MAX(0,NETWORKDAYS.INTL(MAX(E10,(Reprogramaciones!$T$15+7*(Reprogramaciones!P$14-1))),MIN(F10,Reprogramaciones!P$13),11))/MAX(0,NETWORKDAYS.INTL(MAX(E10,(Reprogramaciones!$T$15+7*(Reprogramaciones!P$14-1))),MIN(F10,(Reprogramaciones!$T$15+7*(Reprogramaciones!P$14-1))+6),11)))))))) | BZ10: =IF(OR(NOT(AND(ISNUMBER(E10),ISNUMBER(F10))),$J$2=""),"",IF(Reprogramaciones!Q$13<Reprogramaciones!$T$15,0,IF(Reprogramaciones!Q$14>10,MIN(100,SUM($G10:$P10)),MIN(100,SUMPRODUCT((COLUMN($G10:$P10)-COLUMN($G10)+1<Reprogramaciones!Q$14)*$G10:$P10)+N(INDEX($G10:$P10,1,Reprogramaciones!Q$14))*IF(Reprogramaciones!Q$13>=(Reprogramaciones!$T$15+7*(Reprogramaciones!Q$14-1))+6,1,IF(MAX(0,NETWORKDAYS.INTL(MAX(E10,(Reprogramaciones!$T$15+7*(Reprogramaciones!Q$14-1))),MIN(F10,(Reprogramaciones!$T$15+7*(Reprogramaciones!Q$14-1))+6),11))=0,0,MAX(0,NETWORKDAYS.INTL(MAX(E10,(Reprogramaciones!$T$15+7*(Reprogramaciones!Q$14-1))),MIN(F10,Reprogramaciones!Q$13),11))/MAX(0,NETWORKDAYS.INTL(MAX(E10,(Reprogramaciones!$T$15+7*(Reprogramaciones!Q$14-1))),MIN(F10,(Reprogramaciones!$T$15+7*(Reprogramaciones!Q$14-1))+6),11)))))))) | CA10: =IF(OR(NOT(AND(ISNUMBER(E10),ISNUMBER(F10))),$J$2=""),"",IF(Reprogramaciones!R$13<Reprogramaciones!$T$15,0,IF(Reprogramaciones!R$14>10,MIN(100,SUM($G10:$P10)),MIN(100,SUMPRODUCT((COLUMN($G10:$P10)-COLUMN($G10)+1<Reprogramaciones!R$14)*$G10:$P10)+N(INDEX($G10:$P10,1,Reprogramaciones!R$14))*IF(Reprogramaciones!R$13>=(Reprogramaciones!$T$15+7*(Reprogramaciones!R$14-1))+6,1,IF(MAX(0,NETWORKDAYS.INTL(MAX(E10,(Reprogramaciones!$T$15+7*(Reprogramaciones!R$14-1))),MIN(F10,(Reprogramaciones!$T$15+7*(Reprogramaciones!R$14-1))+6),11))=0,0,MAX(0,NETWORKDAYS.INTL(MAX(E10,(Reprogramaciones!$T$15+7*(Reprogramaciones!R$14-1))),MIN(F10,Reprogramaciones!R$13),11))/MAX(0,NETWORKDAYS.INTL(MAX(E10,(Reprogramaciones!$T$15+7*(Reprogramaciones!R$14-1))),MIN(F10,(Reprogramaciones!$T$15+7*(Reprogramaciones!R$14-1))+6),11)))))))) | CB10: =IF(OR(NOT(AND(ISNUMBER(E10),ISNUMBER(F10))),$J$2=""),"",IF(Reprogramaciones!S$13<Reprogramaciones!$T$15,0,IF(Reprogramaciones!S$14>10,MIN(100,SUM($G10:$P10)),MIN(100,SUMPRODUCT((COLUMN($G10:$P10)-COLUMN($G10)+1<Reprogramaciones!S$14)*$G10:$P10)+N(INDEX($G10:$P10,1,Reprogramaciones!S$14))*IF(Reprogramaciones!S$13>=(Reprogramaciones!$T$15+7*(Reprogramaciones!S$14-1))+6,1,IF(MAX(0,NETWORKDAYS.INTL(MAX(E10,(Reprogramaciones!$T$15+7*(Reprogramaciones!S$14-1))),MIN(F10,(Reprogramaciones!$T$15+7*(Reprogramaciones!S$14-1))+6),11))=0,0,MAX(0,NETWORKDAYS.INTL(MAX(E10,(Reprogramaciones!$T$15+7*(Reprogramaciones!S$14-1))),MIN(F10,Reprogramaciones!S$13),11))/MAX(0,NETWORKDAYS.INTL(MAX(E10,(Reprogramaciones!$T$15+7*(Reprogramaciones!S$14-1))),MIN(F10,(Reprogramaciones!$T$15+7*(Reprogramaciones!S$14-1))+6),11)))))))) | CC10: =IF(OR(NOT(AND(ISNUMBER(E10),ISNUMBER(F10))),$J$2=""),"",IF(Reprogramaciones!T$13<Reprogramaciones!$T$15,0,IF(Reprogramaciones!T$14>10,MIN(100,SUM($G10:$P10)),MIN(100,SUMPRODUCT((COLUMN($G10:$P10)-COLUMN($G10)+1<Reprogramaciones!T$14)*$G10:$P10)+N(INDEX($G10:$P10,1,Reprogramaciones!T$14))*IF(Reprogramaciones!T$13>=(Reprogramaciones!$T$15+7*(Reprogramaciones!T$14-1))+6,1,IF(MAX(0,NETWORKDAYS.INTL(MAX(E10,(Reprogramaciones!$T$15+7*(Reprogramaciones!T$14-1))),MIN(F10,(Reprogramaciones!$T$15+7*(Reprogramaciones!T$14-1))+6),11))=0,0,MAX(0,NETWORKDAYS.INTL(MAX(E10,(Reprogramaciones!$T$15+7*(Reprogramaciones!T$14-1))),MIN(F10,Reprogramaciones!T$13),11))/MAX(0,NETWORKDAYS.INTL(MAX(E10,(Reprogramaciones!$T$15+7*(Reprogramaciones!T$14-1))),MIN(F10,(Reprogramaciones!$T$15+7*(Reprogramaciones!T$14-1))+6),11)))))))) | CD10: =IF(OR(NOT(AND(ISNUMBER(E10),ISNUMBER(F10))),$J$2=""),"",IF(Reprogramaciones!U$13<Reprogramaciones!$T$15,0,IF(Reprogramaciones!U$14>10,MIN(100,SUM($G10:$P10)),MIN(100,SUMPRODUCT((COLUMN($G10:$P10)-COLUMN($G10)+1<Reprogramaciones!U$14)*$G10:$P10)+N(INDEX($G10:$P10,1,Reprogramaciones!U$14))*IF(Reprogramaciones!U$13>=(Reprogramaciones!$T$15+7*(Reprogramaciones!U$14-1))+6,1,IF(MAX(0,NETWORKDAYS.INTL(MAX(E10,(Reprogramaciones!$T$15+7*(Reprogramaciones!U$14-1))),MIN(F10,(Reprogramaciones!$T$15+7*(Reprogramaciones!U$14-1))+6),11))=0,0,MAX(0,NETWORKDAYS.INTL(MAX(E10,(Reprogramaciones!$T$15+7*(Reprogramaciones!U$14-1))),MIN(F10,Reprogramaciones!U$13),11))/MAX(0,NETWORKDAYS.INTL(MAX(E10,(Reprogramaciones!$T$15+7*(Reprogramaciones!U$14-1))),MIN(F10,(Reprogramaciones!$T$15+7*(Reprogramaciones!U$14-1))+6),11)))))))) | CE10: =IF(OR(NOT(AND(ISNUMBER(E10),ISNUMBER(F10))),$J$2=""),"",IF(Reprogramaciones!V$13<Reprogramaciones!$T$15,0,IF(Reprogramaciones!V$14>10,MIN(100,SUM($G10:$P10)),MIN(100,SUMPRODUCT((COLUMN($G10:$P10)-COLUMN($G10)+1<Reprogramaciones!V$14)*$G10:$P10)+N(INDEX($G10:$P10,1,Reprogramaciones!V$14))*IF(Reprogramaciones!V$13>=(Reprogramaciones!$T$15+7*(Reprogramaciones!V$14-1))+6,1,IF(MAX(0,NETWORKDAYS.INTL(MAX(E10,(Reprogramaciones!$T$15+7*(Reprogramaciones!V$14-1))),MIN(F10,(Reprogramaciones!$T$15+7*(Reprogramaciones!V$14-1))+6),11))=0,0,MAX(0,NETWORKDAYS.INTL(MAX(E10,(Reprogramaciones!$T$15+7*(Reprogramaciones!V$14-1))),MIN(F10,Reprogramaciones!V$13),11))/MAX(0,NETWORKDAYS.INTL(MAX(E10,(Reprogramaciones!$T$15+7*(Reprogramaciones!V$14-1))),MIN(F10,(Reprogramaciones!$T$15+7*(Reprogramaciones!V$14-1))+6),11)))))))) | CF10: =IF(OR(NOT(AND(ISNUMBER(E10),ISNUMBER(F10))),$J$2=""),"",IF(Reprogramaciones!W$13<Reprogramaciones!$T$15,0,IF(Reprogramaciones!W$14>10,MIN(100,SUM($G10:$P10)),MIN(100,SUMPRODUCT((COLUMN($G10:$P10)-COLUMN($G10)+1<Reprogramaciones!W$14)*$G10:$P10)+N(INDEX($G10:$P10,1,Reprogramaciones!W$14))*IF(Reprogramaciones!W$13>=(Reprogramaciones!$T$15+7*(Reprogramaciones!W$14-1))+6,1,IF(MAX(0,NETWORKDAYS.INTL(MAX(E10,(Reprogramaciones!$T$15+7*(Reprogramaciones!W$14-1))),MIN(F10,(Reprogramaciones!$T$15+7*(Reprogramaciones!W$14-1))+6),11))=0,0,MAX(0,NETWORKDAYS.INTL(MAX(E10,(Reprogramaciones!$T$15+7*(Reprogramaciones!W$14-1))),MIN(F10,Reprogramaciones!W$13),11))/MAX(0,NETWORKDAYS.INTL(MAX(E10,(Reprogramaciones!$T$15+7*(Reprogramaciones!W$14-1))),MIN(F10,(Reprogramaciones!$T$15+7*(Reprogramaciones!W$14-1))+6),11)))))))) | CG10: =IF(OR(NOT(AND(ISNUMBER(E10),ISNUMBER(F10))),$J$2=""),"",IF(Reprogramaciones!X$13<Reprogramaciones!$T$15,0,IF(Reprogramaciones!X$14>10,MIN(100,SUM($G10:$P10)),MIN(100,SUMPRODUCT((COLUMN($G10:$P10)-COLUMN($G10)+1<Reprogramaciones!X$14)*$G10:$P10)+N(INDEX($G10:$P10,1,Reprogramaciones!X$14))*IF(Reprogramaciones!X$13>=(Reprogramaciones!$T$15+7*(Reprogramaciones!X$14-1))+6,1,IF(MAX(0,NETWORKDAYS.INTL(MAX(E10,(Reprogramaciones!$T$15+7*(Reprogramaciones!X$14-1))),MIN(F10,(Reprogramaciones!$T$15+7*(Reprogramaciones!X$14-1))+6),11))=0,0,MAX(0,NETWORKDAYS.INTL(MAX(E10,(Reprogramaciones!$T$15+7*(Reprogramaciones!X$14-1))),MIN(F10,Reprogramaciones!X$13),11))/MAX(0,NETWORKDAYS.INTL(MAX(E10,(Reprogramaciones!$T$15+7*(Reprogramaciones!X$14-1))),MIN(F10,(Reprogramaciones!$T$15+7*(Reprogramaciones!X$14-1))+6),11)))))))) | CH10: =IF(OR(NOT(AND(ISNUMBER(E10),ISNUMBER(F10))),$J$2=""),"",IF(Reprogramaciones!Y$13<Reprogramaciones!$T$15,0,IF(Reprogramaciones!Y$14>10,MIN(100,SUM($G10:$P10)),MIN(100,SUMPRODUCT((COLUMN($G10:$P10)-COLUMN($G10)+1<Reprogramaciones!Y$14)*$G10:$P10)+N(INDEX($G10:$P10,1,Reprogramaciones!Y$14))*IF(Reprogramaciones!Y$13>=(Reprogramaciones!$T$15+7*(Reprogramaciones!Y$14-1))+6,1,IF(MAX(0,NETWORKDAYS.INTL(MAX(E10,(Reprogramaciones!$T$15+7*(Reprogramaciones!Y$14-1))),MIN(F10,(Reprogramaciones!$T$15+7*(Reprogramaciones!Y$14-1))+6),11))=0,0,MAX(0,NETWORKDAYS.INTL(MAX(E10,(Reprogramaciones!$T$15+7*(Reprogramaciones!Y$14-1))),MIN(F10,Reprogramaciones!Y$13),11))/MAX(0,NETWORKDAYS.INTL(MAX(E10,(Reprogramaciones!$T$15+7*(Reprogramaciones!Y$14-1))),MIN(F10,(Reprogramaciones!$T$15+7*(Reprogramaciones!Y$14-1))+6),11)))))))) | CI10: =IF(OR(NOT(AND(ISNUMBER(E10),ISNUMBER(F10))),$J$2=""),"",IF(Reprogramaciones!Z$13<Reprogramaciones!$T$15,0,IF(Reprogramaciones!Z$14>10,MIN(100,SUM($G10:$P10)),MIN(100,SUMPRODUCT((COLUMN($G10:$P10)-COLUMN($G10)+1<Reprogramaciones!Z$14)*$G10:$P10)+N(INDEX($G10:$P10,1,Reprogramaciones!Z$14))*IF(Reprogramaciones!Z$13>=(Reprogramaciones!$T$15+7*(Reprogramaciones!Z$14-1))+6,1,IF(MAX(0,NETWORKDAYS.INTL(MAX(E10,(Reprogramaciones!$T$15+7*(Reprogramaciones!Z$14-1))),MIN(F10,(Reprogramaciones!$T$15+7*(Reprogramaciones!Z$14-1))+6),11))=0,0,MAX(0,NETWORKDAYS.INTL(MAX(E10,(Reprogramaciones!$T$15+7*(Reprogramaciones!Z$14-1))),MIN(F10,Reprogramaciones!Z$13),11))/MAX(0,NETWORKDAYS.INTL(MAX(E10,(Reprogramaciones!$T$15+7*(Reprogramaciones!Z$14-1))),MIN(F10,(Reprogramaciones!$T$15+7*(Reprogramaciones!Z$14-1))+6),11)))))))) | CJ10: =IF(OR(OR(NOT(AND(ISNUMBER(E10),ISNUMBER(F10))),$J$2=""),1>Reprogramaciones!$K$16),"",IF(ROUND(SUM($Q10:Q10),1)>=99.5,100,MIN(100,ROUND(SUM($Q10:Q10),1)))) | CK10: =IF(OR(OR(NOT(AND(ISNUMBER(E10),ISNUMBER(F10))),$J$2=""),2>Reprogramaciones!$K$16),"",IF(ROUND(SUM($Q10:R10),1)>=99.5,100,MIN(100,ROUND(SUM($Q10:R10),1)))) | CL10: =IF(OR(OR(NOT(AND(ISNUMBER(E10),ISNUMBER(F10))),$J$2=""),3>Reprogramaciones!$K$16),"",IF(ROUND(SUM($Q10:S10),1)>=99.5,100,MIN(100,ROUND(SUM($Q10:S10),1)))) | CM10: =IF(OR(OR(NOT(AND(ISNUMBER(E10),ISNUMBER(F10))),$J$2=""),4>Reprogramaciones!$K$16),"",IF(ROUND(SUM($Q10:T10),1)>=99.5,100,MIN(100,ROUND(SUM($Q10:T10),1)))) | CN10: =IF(OR(OR(NOT(AND(ISNUMBER(E10),ISNUMBER(F10))),$J$2=""),5>Reprogramaciones!$K$16),"",IF(ROUND(SUM($Q10:U10),1)>=99.5,100,MIN(100,ROUND(SUM($Q10:U10),1)))) | CO10: =IF(OR(OR(NOT(AND(ISNUMBER(E10),ISNUMBER(F10))),$J$2=""),6>Reprogramaciones!$K$16),"",IF(ROUND(SUM($Q10:V10),1)>=99.5,100,MIN(100,ROUND(SUM($Q10:V10),1)))) | CP10: =IF(OR(OR(NOT(AND(ISNUMBER(E10),ISNUMBER(F10))),$J$2=""),7>Reprogramaciones!$K$16),"",IF(ROUND(SUM($Q10:W10),1)>=99.5,100,MIN(100,ROUND(SUM($Q10:W10),1)))) | CQ10: =IF(OR(OR(NOT(AND(ISNUMBER(E10),ISNUMBER(F10))),$J$2=""),8>Reprogramaciones!$K$16),"",IF(ROUND(SUM($Q10:X10),1)>=99.5,100,MIN(100,ROUND(SUM($Q10:X10),1)))) | CR10: =IF(OR(OR(NOT(AND(ISNUMBER(E10),ISNUMBER(F10))),$J$2=""),9>Reprogramaciones!$K$16),"",IF(ROUND(SUM($Q10:Y10),1)>=99.5,100,MIN(100,ROUND(SUM($Q10:Y10),1)))) | CS10: =IF(OR(OR(NOT(AND(ISNUMBER(E10),ISNUMBER(F10))),$J$2=""),10>Reprogramaciones!$K$16),"",IF(ROUND(SUM($Q10:Z10),1)>=99.5,100,MIN(100,ROUND(SUM($Q10:Z10),1)))) | CT10: =IF(OR(OR(NOT(AND(ISNUMBER(E10),ISNUMBER(F10))),$J$2=""),11>Reprogramaciones!$K$16),"",IF(ROUND(SUM($Q10:AA10),1)>=99.5,100,MIN(100,ROUND(SUM($Q10:AA10),1)))) | CU10: =IF(OR(OR(NOT(AND(ISNUMBER(E10),ISNUMBER(F10))),$J$2=""),12>Reprogramaciones!$K$16),"",IF(ROUND(SUM($Q10:AB10),1)>=99.5,100,MIN(100,ROUND(SUM($Q10:AB10),1)))) | CV10: =IF(OR(OR(NOT(AND(ISNUMBER(E10),ISNUMBER(F10))),$J$2=""),13>Reprogramaciones!$K$16),"",IF(ROUND(SUM($Q10:AC10),1)>=99.5,100,MIN(100,ROUND(SUM($Q10:AC10),1)))) | CW10: =IF(OR(OR(NOT(AND(ISNUMBER(E10),ISNUMBER(F10))),$J$2=""),14>Reprogramaciones!$K$16),"",IF(ROUND(SUM($Q10:AD10),1)>=99.5,100,MIN(100,ROUND(SUM($Q10:AD10),1)))) | CX10: =IF(OR(OR(NOT(AND(ISNUMBER(E10),ISNUMBER(F10))),$J$2=""),15>Reprogramaciones!$K$16),"",IF(ROUND(SUM($Q10:AE10),1)>=99.5,100,MIN(100,ROUND(SUM($Q10:AE10),1)))) | CY10: =IF(OR(OR(NOT(AND(ISNUMBER(E10),ISNUMBER(F10))),$J$2=""),16>Reprogramaciones!$K$16),"",IF(ROUND(SUM($Q10:AF10),1)>=99.5,100,MIN(100,ROUND(SUM($Q10:AF10),1)))) | CZ10: =IF(D10<>"",D10,IF(B10<>"","Contractual",CZ9)) -> Contractual | DA10: =IF(OR(NOT(AND(ISNUMBER(E10),ISNUMBER(F10))),$J$2=""),"",IF(Reprogramaciones!$Q$15<Reprogramaciones!$T$15,0,IF(Reprogramaciones!$S$15>10,MIN(100,SUM($G10:$P10)),MIN(100,SUMPRODUCT((COLUMN($G10:$P10)-COLUMN($G10)+1<Reprogramaciones!$S$15)*$G10:$P10)+N(INDEX($G10:$P10,1,Reprogramaciones!$S$15))*IF(Reprogramaciones!$Q$15>=(Reprogramaciones!$T$15+7*(Reprogramaciones!$S$15-1))+6,1,IF(MAX(0,NETWORKDAYS.INTL(MAX(E10,(Reprogramaciones!$T$15+7*(Reprogramaciones!$S$15-1))),MIN(F10,(Reprogramaciones!$T$15+7*(Reprogramaciones!$S$15-1))+6),11))=0,0,MAX(0,NETWORKDAYS.INTL(MAX(E10,(Reprogramaciones!$T$15+7*(Reprogramaciones!$S$15-1))),MIN(F10,Reprogramaciones!$Q$15),11))/MAX(0,NETWORKDAYS.INTL(MAX(E10,(Reprogramaciones!$T$15+7*(Reprogramaciones!$S$15-1))),MIN(F10,(Reprogramaciones!$T$15+7*(Reprogramaciones!$S$15-1))+6),11))))))))
A11: 02.01 | C11: Desmontaje de mobiliario y góndolas existentes | E11: 46289 | F11: 46291 | G11: =IF(OR(NOT(AND(ISNUMBER(E11),ISNUMBER(F11))),$J$2=""),"",IF(Reprogramaciones!K$9<E11,0,IF(NETWORKDAYS.INTL(E11,F11,11)=0,IF(Reprogramaciones!K$9>=F11,100,0),ROUND(NETWORKDAYS.INTL(E11,MIN(F11,Reprogramaciones!K$9),11)/NETWORKDAYS.INTL(E11,F11,11)*100,1)))-0) -> 100 | H11: =IF(OR(NOT(AND(ISNUMBER(E11),ISNUMBER(F11))),$J$2=""),"",IF(Reprogramaciones!L$9<E11,0,IF(NETWORKDAYS.INTL(E11,F11,11)=0,IF(Reprogramaciones!L$9>=F11,100,0),ROUND(NETWORKDAYS.INTL(E11,MIN(F11,Reprogramaciones!L$9),11)/NETWORKDAYS.INTL(E11,F11,11)*100,1)))-IF(Reprogramaciones!K$9<E11,0,IF(NETWORKDAYS.INTL(E11,F11,11)=0,IF(Reprogramaciones!K$9>=F11,100,0),ROUND(NETWORKDAYS.INTL(E11,MIN(F11,Reprogramaciones!K$9),11)/NETWORKDAYS.INTL(E11,F11,11)*100,1)))) -> 0 | I11: =IF(OR(NOT(AND(ISNUMBER(E11),ISNUMBER(F11))),$J$2=""),"",IF(Reprogramaciones!M$9<E11,0,IF(NETWORKDAYS.INTL(E11,F11,11)=0,IF(Reprogramaciones!M$9>=F11,100,0),ROUND(NETWORKDAYS.INTL(E11,MIN(F11,Reprogramaciones!M$9),11)/NETWORKDAYS.INTL(E11,F11,11)*100,1)))-IF(Reprogramaciones!L$9<E11,0,IF(NETWORKDAYS.INTL(E11,F11,11)=0,IF(Reprogramaciones!L$9>=F11,100,0),ROUND(NETWORKDAYS.INTL(E11,MIN(F11,Reprogramaciones!L$9),11)/NETWORKDAYS.INTL(E11,F11,11)*100,1)))) -> 0 | J11: =IF(OR(NOT(AND(ISNUMBER(E11),ISNUMBER(F11))),$J$2=""),"",IF(Reprogramaciones!N$9<E11,0,IF(NETWORKDAYS.INTL(E11,F11,11)=0,IF(Reprogramaciones!N$9>=F11,100,0),ROUND(NETWORKDAYS.INTL(E11,MIN(F11,Reprogramaciones!N$9),11)/NETWORKDAYS.INTL(E11,F11,11)*100,1)))-IF(Reprogramaciones!M$9<E11,0,IF(NETWORKDAYS.INTL(E11,F11,11)=0,IF(Reprogramaciones!M$9>=F11,100,0),ROUND(NETWORKDAYS.INTL(E11,MIN(F11,Reprogramaciones!M$9),11)/NETWORKDAYS.INTL(E11,F11,11)*100,1)))) -> 0 | K11: =IF(OR(NOT(AND(ISNUMBER(E11),ISNUMBER(F11))),$J$2=""),"",IF(Reprogramaciones!O$9<E11,0,IF(NETWORKDAYS.INTL(E11,F11,11)=0,IF(Reprogramaciones!O$9>=F11,100,0),ROUND(NETWORKDAYS.INTL(E11,MIN(F11,Reprogramaciones!O$9),11)/NETWORKDAYS.INTL(E11,F11,11)*100,1)))-IF(Reprogramaciones!N$9<E11,0,IF(NETWORKDAYS.INTL(E11,F11,11)=0,IF(Reprogramaciones!N$9>=F11,100,0),ROUND(NETWORKDAYS.INTL(E11,MIN(F11,Reprogramaciones!N$9),11)/NETWORKDAYS.INTL(E11,F11,11)*100,1)))) -> 0 | L11: =IF(OR(NOT(AND(ISNUMBER(E11),ISNUMBER(F11))),$J$2=""),"",IF(Reprogramaciones!P$9<E11,0,IF(NETWORKDAYS.INTL(E11,F11,11)=0,IF(Reprogramaciones!P$9>=F11,100,0),ROUND(NETWORKDAYS.INTL(E11,MIN(F11,Reprogramaciones!P$9),11)/NETWORKDAYS.INTL(E11,F11,11)*100,1)))-IF(Reprogramaciones!O$9<E11,0,IF(NETWORKDAYS.INTL(E11,F11,11)=0,IF(Reprogramaciones!O$9>=F11,100,0),ROUND(NETWORKDAYS.INTL(E11,MIN(F11,Reprogramaciones!O$9),11)/NETWORKDAYS.INTL(E11,F11,11)*100,1)))) -> 0 | M11: =IF(OR(NOT(AND(ISNUMBER(E11),ISNUMBER(F11))),$J$2=""),"",IF(Reprogramaciones!Q$9<E11,0,IF(NETWORKDAYS.INTL(E11,F11,11)=0,IF(Reprogramaciones!Q$9>=F11,100,0),ROUND(NETWORKDAYS.INTL(E11,MIN(F11,Reprogramaciones!Q$9),11)/NETWORKDAYS.INTL(E11,F11,11)*100,1)))-IF(Reprogramaciones!P$9<E11,0,IF(NETWORKDAYS.INTL(E11,F11,11)=0,IF(Reprogramaciones!P$9>=F11,100,0),ROUND(NETWORKDAYS.INTL(E11,MIN(F11,Reprogramaciones!P$9),11)/NETWORKDAYS.INTL(E11,F11,11)*100,1)))) -> 0 | N11: =IF(OR(NOT(AND(ISNUMBER(E11),ISNUMBER(F11))),$J$2=""),"",IF(Reprogramaciones!R$9<E11,0,IF(NETWORKDAYS.INTL(E11,F11,11)=0,IF(Reprogramaciones!R$9>=F11,100,0),ROUND(NETWORKDAYS.INTL(E11,MIN(F11,Reprogramaciones!R$9),11)/NETWORKDAYS.INTL(E11,F11,11)*100,1)))-IF(Reprogramaciones!Q$9<E11,0,IF(NETWORKDAYS.INTL(E11,F11,11)=0,IF(Reprogramaciones!Q$9>=F11,100,0),ROUND(NETWORKDAYS.INTL(E11,MIN(F11,Reprogramaciones!Q$9),11)/NETWORKDAYS.INTL(E11,F11,11)*100,1)))) -> 0 | O11: =IF(OR(NOT(AND(ISNUMBER(E11),ISNUMBER(F11))),$J$2=""),"",IF(Reprogramaciones!S$9<E11,0,IF(NETWORKDAYS.INTL(E11,F11,11)=0,IF(Reprogramaciones!S$9>=F11,100,0),ROUND(NETWORKDAYS.INTL(E11,MIN(F11,Reprogramaciones!S$9),11)/NETWORKDAYS.INTL(E11,F11,11)*100,1)))-IF(Reprogramaciones!R$9<E11,0,IF(NETWORKDAYS.INTL(E11,F11,11)=0,IF(Reprogramaciones!R$9>=F11,100,0),ROUND(NETWORKDAYS.INTL(E11,MIN(F11,Reprogramaciones!R$9),11)/NETWORKDAYS.INTL(E11,F11,11)*100,1)))) -> 0 | P11: =IF(OR(NOT(AND(ISNUMBER(E11),ISNUMBER(F11))),$J$2=""),"",IF(Reprogramaciones!T$9<E11,0,IF(NETWORKDAYS.INTL(E11,F11,11)=0,IF(Reprogramaciones!T$9>=F11,100,0),ROUND(NETWORKDAYS.INTL(E11,MIN(F11,Reprogramaciones!T$9),11)/NETWORKDAYS.INTL(E11,F11,11)*100,1)))-IF(Reprogramaciones!S$9<E11,0,IF(NETWORKDAYS.INTL(E11,F11,11)=0,IF(Reprogramaciones!S$9>=F11,100,0),ROUND(NETWORKDAYS.INTL(E11,MIN(F11,Reprogramaciones!S$9),11)/NETWORKDAYS.INTL(E11,F11,11)*100,1)))) -> 0 | Q11: 100 | AG11: =IF(AND(ISNUMBER(E11),ISNUMBER(F11)),NETWORKDAYS.INTL(E11,F11,11),"") -> 3 | AH11: =IF(OR(NOT(AND(ISNUMBER(E11),ISNUMBER(F11))),$J$2=""),"",IF(Reprogramaciones!$P$15<Reprogramaciones!$T$15,0,IF(Reprogramaciones!$R$15>10,MIN(100,SUM($G11:$P11)),MIN(100,SUMPRODUCT((COLUMN($G11:$P11)-COLUMN($G11)+1<Reprogramaciones!$R$15)*$G11:$P11)+N(INDEX($G11:$P11,1,Reprogramaciones!$R$15))*IF(Reprogramaciones!$P$15>=(Reprogramaciones!$T$15+7*(Reprogramaciones!$R$15-1))+6,1,IF(MAX(0,NETWORKDAYS.INTL(MAX(E11,(Reprogramaciones!$T$15+7*(Reprogramaciones!$R$15-1))),MIN(F11,(Reprogramaciones!$T$15+7*(Reprogramaciones!$R$15-1))+6),11))=0,0,MAX(0,NETWORKDAYS.INTL(MAX(E11,(Reprogramaciones!$T$15+7*(Reprogramaciones!$R$15-1))),MIN(F11,Reprogramaciones!$P$15),11))/MAX(0,NETWORKDAYS.INTL(MAX(E11,(Reprogramaciones!$T$15+7*(Reprogramaciones!$R$15-1))),MIN(F11,(Reprogramaciones!$T$15+7*(Reprogramaciones!$R$15-1))+6),11)))))))) -> 100 | AI11: =IF(COUNT($Q11:$AF11)=0,"",IF(ROUND(SUM($Q11:$AF11),1)>=99.5,100,MIN(100,ROUND(SUM($Q11:$AF11),1)))) -> 100 | AJ11: =IF(OR(AH11="",AI11=""),"",AI11-AH11) -> 0 | AK11: =IF(AH11="","",IF(OR(Ficha!$C$10="Suspendida",Ficha!$C$10="Cancelada"),Ficha!$C$10,IF(AND(AI11<>"",N(AI11)>=100),"Completada",IF(AND(E11>TODAY(),N(AI11)=0),"Por iniciar",IF(N(AI11)+0.5<AH11,"Retrasada",IF(N(AI11)+0.5<DA11,IF(Reprogramaciones!$K$15>0,"Al día · Sem "&Reprogramaciones!$K$15&" en curso","Al día · en curso"),"A tiempo")))))) -> Completada | AL11: =IF(AND(A11="",AND(B11="",C11="",E11="",F11="",COUNT(Q11:AF11)=0)),"",IF(AND(B11="",C11="",E11="",F11="",COUNT(Q11:AF11)=0),"Falta la partida o subpartida",IF(AND(A11<>"",COUNTIF($A$6:$A$305,A11)>1),"Ítem repetido",IF(AND(C11="",E11="",F11="",COUNT(Q11:AF11)=0),"Título de partida",IF(OR(E11="",F11=""),"Faltan fechas",IF(OR(ISTEXT(E11),ISTEXT(F11)),"Fecha escrita como texto: usa dd/mm/aaaa",IF(F11<E11,"Fin antes del inicio",IF(IF($J$2="",FALSE(),OR(E11<$J$2,F11>Reprogramaciones!$T$15+69)),"Fuera de las 10 semanas",IF(ABS(SUM(G11:P11)-100)>0.5,"La meta no suma 100%",IF(ROUND(SUM(Q11:AF11),1)>100.5,"El avance pasa de 100%",IF(MIN(Q11:AF11)<0,"Avance negativo",IF(COUNTA(Q11:AF11)>COUNT(Q11:AF11),"Avance escrito como texto",IF(SUMPRODUCT((Q11:AF11>0)*(Q11:AF11<1))>0,"Avance menor a 1: escribe 50, no 50%",IF(SUMPRODUCT(ISNUMBER(Q11:AF11)*(Reprogramaciones!$K$8:$Z$8>TODAY()))>0,"Avance en semana que aún no llega",IF(AND(N(Reprogramaciones!$E$21)>0,F11>Reprogramaciones!$E$21),"Pasa el fin de la obra: registra una reprogramación",IF(AND(N(Reprogramaciones!$E$21)>0,SUMPRODUCT(ISNUMBER(Q11:AF11)*(Reprogramaciones!$K$8:$Z$8>Reprogramaciones!$E$21))>0),"Avance después del fin de la obra: registra una reprogramación por atraso","OK")))))))))))))))) -> OK | AM11: =IF(OR(OR(NOT(AND(ISNUMBER(E11),ISNUMBER(F11))),$J$2=""),1>MAX(1,Reprogramaciones!$U$15)),"",IF(Reprogramaciones!K$12>=7,"",IF(OR(BT11-N(0)>0.05,N(Q11)>0),ROUNDDOWN(ROUND(BT11,6),0)&"%"&IF(CJ11="",""," / "&CJ11&"%"),IF(AND(N(0)>=99.95,CJ11<>"",N(CJ11)<100),"Pend. "&CJ11&"%","")))) -> 100% / 100% | AN11: =IF(OR(OR(NOT(AND(ISNUMBER(E11),ISNUMBER(F11))),$J$2=""),2>MAX(1,Reprogramaciones!$U$15)),"",IF(Reprogramaciones!L$12>=7,"",IF(OR(BU11-N(BT11)>0.05,N(R11)>0),ROUNDDOWN(ROUND(BU11,6),0)&"%"&IF(CK11="",""," / "&CK11&"%"),IF(AND(N(BT11)>=99.95,CK11<>"",N(CK11)<100),"Pend. "&CK11&"%","")))) | AO11: =IF(OR(OR(NOT(AND(ISNUMBER(E11),ISNUMBER(F11))),$J$2=""),3>MAX(1,Reprogramaciones!$U$15)),"",IF(Reprogramaciones!M$12>=7,"",IF(OR(BV11-N(BU11)>0.05,N(S11)>0),ROUNDDOWN(ROUND(BV11,6),0)&"%"&IF(CL11="",""," / "&CL11&"%"),IF(AND(N(BU11)>=99.95,CL11<>"",N(CL11)<100),"Pend. "&CL11&"%","")))) | AP11: =IF(OR(OR(NOT(AND(ISNUMBER(E11),ISNUMBER(F11))),$J$2=""),4>MAX(1,Reprogramaciones!$U$15)),"",IF(Reprogramaciones!N$12>=7,"",IF(OR(BW11-N(BV11)>0.05,N(T11)>0),ROUNDDOWN(ROUND(BW11,6),0)&"%"&IF(CM11="",""," / "&CM11&"%"),IF(AND(N(BV11)>=99.95,CM11<>"",N(CM11)<100),"Pend. "&CM11&"%","")))) | AQ11: =IF(OR(OR(NOT(AND(ISNUMBER(E11),ISNUMBER(F11))),$J$2=""),5>MAX(1,Reprogramaciones!$U$15)),"",IF(Reprogramaciones!O$12>=7,"",IF(OR(BX11-N(BW11)>0.05,N(U11)>0),ROUNDDOWN(ROUND(BX11,6),0)&"%"&IF(CN11="",""," / "&CN11&"%"),IF(AND(N(BW11)>=99.95,CN11<>"",N(CN11)<100),"Pend. "&CN11&"%","")))) | AR11: =IF(OR(OR(NOT(AND(ISNUMBER(E11),ISNUMBER(F11))),$J$2=""),6>MAX(1,Reprogramaciones!$U$15)),"",IF(Reprogramaciones!P$12>=7,"",IF(OR(BY11-N(BX11)>0.05,N(V11)>0),ROUNDDOWN(ROUND(BY11,6),0)&"%"&IF(CO11="",""," / "&CO11&"%"),IF(AND(N(BX11)>=99.95,CO11<>"",N(CO11)<100),"Pend. "&CO11&"%","")))) | AS11: =IF(OR(OR(NOT(AND(ISNUMBER(E11),ISNUMBER(F11))),$J$2=""),7>MAX(1,Reprogramaciones!$U$15)),"",IF(Reprogramaciones!Q$12>=7,"",IF(OR(BZ11-N(BY11)>0.05,N(W11)>0),ROUNDDOWN(ROUND(BZ11,6),0)&"%"&IF(CP11="",""," / "&CP11&"%"),IF(AND(N(BY11)>=99.95,CP11<>"",N(CP11)<100),"Pend. "&CP11&"%","")))) | AT11: =IF(OR(OR(NOT(AND(ISNUMBER(E11),ISNUMBER(F11))),$J$2=""),8>MAX(1,Reprogramaciones!$U$15)),"",IF(Reprogramaciones!R$12>=7,"",IF(OR(CA11-N(BZ11)>0.05,N(X11)>0),ROUNDDOWN(ROUND(CA11,6),0)&"%"&IF(CQ11="",""," / "&CQ11&"%"),IF(AND(N(BZ11)>=99.95,CQ11<>"",N(CQ11)<100),"Pend. "&CQ11&"%","")))) | AU11: =IF(OR(OR(NOT(AND(ISNUMBER(E11),ISNUMBER(F11))),$J$2=""),9>MAX(1,Reprogramaciones!$U$15)),"",IF(Reprogramaciones!S$12>=7,"",IF(OR(CB11-N(CA11)>0.05,N(Y11)>0),ROUNDDOWN(ROUND(CB11,6),0)&"%"&IF(CR11="",""," / "&CR11&"%"),IF(AND(N(CA11)>=99.95,CR11<>"",N(CR11)<100),"Pend. "&CR11&"%","")))) | AV11: =IF(OR(OR(NOT(AND(ISNUMBER(E11),ISNUMBER(F11))),$J$2=""),10>MAX(1,Reprogramaciones!$U$15)),"",IF(Reprogramaciones!T$12>=7,"",IF(OR(CC11-N(CB11)>0.05,N(Z11)>0),ROUNDDOWN(ROUND(CC11,6),0)&"%"&IF(CS11="",""," / "&CS11&"%"),IF(AND(N(CB11)>=99.95,CS11<>"",N(CS11)<100),"Pend. "&CS11&"%","")))) | AW11: =IF(OR(OR(NOT(AND(ISNUMBER(E11),ISNUMBER(F11))),$J$2=""),11>MAX(1,Reprogramaciones!$U$15)),"",IF(Reprogramaciones!U$12>=7,"",IF(OR(CD11-N(CC11)>0.05,N(AA11)>0),ROUNDDOWN(ROUND(CD11,6),0)&"%"&IF(CT11="",""," / "&CT11&"%"),IF(AND(N(CC11)>=99.95,CT11<>"",N(CT11)<100),"Pend. "&CT11&"%","")))) | AX11: =IF(OR(OR(NOT(AND(ISNUMBER(E11),ISNUMBER(F11))),$J$2=""),12>MAX(1,Reprogramaciones!$U$15)),"",IF(Reprogramaciones!V$12>=7,"",IF(OR(CE11-N(CD11)>0.05,N(AB11)>0),ROUNDDOWN(ROUND(CE11,6),0)&"%"&IF(CU11="",""," / "&CU11&"%"),IF(AND(N(CD11)>=99.95,CU11<>"",N(CU11)<100),"Pend. "&CU11&"%","")))) | AY11: =IF(OR(OR(NOT(AND(ISNUMBER(E11),ISNUMBER(F11))),$J$2=""),13>MAX(1,Reprogramaciones!$U$15)),"",IF(Reprogramaciones!W$12>=7,"",IF(OR(CF11-N(CE11)>0.05,N(AC11)>0),ROUNDDOWN(ROUND(CF11,6),0)&"%"&IF(CV11="",""," / "&CV11&"%"),IF(AND(N(CE11)>=99.95,CV11<>"",N(CV11)<100),"Pend. "&CV11&"%","")))) | AZ11: =IF(OR(OR(NOT(AND(ISNUMBER(E11),ISNUMBER(F11))),$J$2=""),14>MAX(1,Reprogramaciones!$U$15)),"",IF(Reprogramaciones!X$12>=7,"",IF(OR(CG11-N(CF11)>0.05,N(AD11)>0),ROUNDDOWN(ROUND(CG11,6),0)&"%"&IF(CW11="",""," / "&CW11&"%"),IF(AND(N(CF11)>=99.95,CW11<>"",N(CW11)<100),"Pend. "&CW11&"%","")))) | BA11: =IF(OR(OR(NOT(AND(ISNUMBER(E11),ISNUMBER(F11))),$J$2=""),15>MAX(1,Reprogramaciones!$U$15)),"",IF(Reprogramaciones!Y$12>=7,"",IF(OR(CH11-N(CG11)>0.05,N(AE11)>0),ROUNDDOWN(ROUND(CH11,6),0)&"%"&IF(CX11="",""," / "&CX11&"%"),IF(AND(N(CG11)>=99.95,CX11<>"",N(CX11)<100),"Pend. "&CX11&"%","")))) | BB11: =IF(OR(OR(NOT(AND(ISNUMBER(E11),ISNUMBER(F11))),$J$2=""),16>MAX(1,Reprogramaciones!$U$15)),"",IF(Reprogramaciones!Z$12>=7,"",IF(OR(CI11-N(CH11)>0.05,N(AF11)>0),ROUNDDOWN(ROUND(CI11,6),0)&"%"&IF(CY11="",""," / "&CY11&"%"),IF(AND(N(CH11)>=99.95,CY11<>"",N(CY11)<100),"Pend. "&CY11&"%","")))) | BC11: =IF(AND(ISNUMBER(E11),ISNUMBER(F11)),MAX(1,NETWORKDAYS.INTL(E11,F11,11)),0) -> 3 | BD11: =IF(OR(NOT(AND(ISNUMBER(E11),ISNUMBER(F11))),$J$2=""),"",MIN(100,ROUND(SUM($G11:G11),1))) -> 100 | BE11: =IF(OR(NOT(AND(ISNUMBER(E11),ISNUMBER(F11))),$J$2=""),"",MIN(100,ROUND(SUM($G11:H11),1))) -> 100 | BF11: =IF(OR(NOT(AND(ISNUMBER(E11),ISNUMBER(F11))),$J$2=""),"",MIN(100,ROUND(SUM($G11:I11),1))) -> 100 | BG11: =IF(OR(NOT(AND(ISNUMBER(E11),ISNUMBER(F11))),$J$2=""),"",MIN(100,ROUND(SUM($G11:J11),1))) -> 100 | BH11: =IF(OR(NOT(AND(ISNUMBER(E11),ISNUMBER(F11))),$J$2=""),"",MIN(100,ROUND(SUM($G11:K11),1))) -> 100 | BI11: =IF(OR(NOT(AND(ISNUMBER(E11),ISNUMBER(F11))),$J$2=""),"",MIN(100,ROUND(SUM($G11:L11),1))) -> 100 | BJ11: =IF(OR(NOT(AND(ISNUMBER(E11),ISNUMBER(F11))),$J$2=""),"",MIN(100,ROUND(SUM($G11:M11),1))) -> 100 | BK11: =IF(OR(NOT(AND(ISNUMBER(E11),ISNUMBER(F11))),$J$2=""),"",MIN(100,ROUND(SUM($G11:N11),1))) -> 100 | BL11: =IF(OR(NOT(AND(ISNUMBER(E11),ISNUMBER(F11))),$J$2=""),"",MIN(100,ROUND(SUM($G11:O11),1))) -> 100 | BM11: =IF(OR(NOT(AND(ISNUMBER(E11),ISNUMBER(F11))),$J$2=""),"",MIN(100,ROUND(SUM($G11:P11),1))) -> 100 | BN11: =IF(OR(NOT(AND(ISNUMBER(E11),ISNUMBER(F11))),$J$2=""),"",MIN(100,ROUND(SUM($G11:P11),1))) -> 100 | BO11: =IF(OR(NOT(AND(ISNUMBER(E11),ISNUMBER(F11))),$J$2=""),"",MIN(100,ROUND(SUM($G11:P11),1))) -> 100 | BP11: =IF(OR(NOT(AND(ISNUMBER(E11),ISNUMBER(F11))),$J$2=""),"",MIN(100,ROUND(SUM($G11:P11),1))) -> 100 | BQ11: =IF(OR(NOT(AND(ISNUMBER(E11),ISNUMBER(F11))),$J$2=""),"",MIN(100,ROUND(SUM($G11:P11),1))) -> 100 | BR11: =IF(OR(NOT(AND(ISNUMBER(E11),ISNUMBER(F11))),$J$2=""),"",MIN(100,ROUND(SUM($G11:P11),1))) -> 100 | BS11: =IF(OR(NOT(AND(ISNUMBER(E11),ISNUMBER(F11))),$J$2=""),"",MIN(100,ROUND(SUM($G11:P11),1))) -> 100 | BT11: =IF(OR(NOT(AND(ISNUMBER(E11),ISNUMBER(F11))),$J$2=""),"",IF(Reprogramaciones!K$13<Reprogramaciones!$T$15,0,IF(Reprogramaciones!K$14>10,MIN(100,SUM($G11:$P11)),MIN(100,SUMPRODUCT((COLUMN($G11:$P11)-COLUMN($G11)+1<Reprogramaciones!K$14)*$G11:$P11)+N(INDEX($G11:$P11,1,Reprogramaciones!K$14))*IF(Reprogramaciones!K$13>=(Reprogramaciones!$T$15+7*(Reprogramaciones!K$14-1))+6,1,IF(MAX(0,NETWORKDAYS.INTL(MAX(E11,(Reprogramaciones!$T$15+7*(Reprogramaciones!K$14-1))),MIN(F11,(Reprogramaciones!$T$15+7*(Reprogramaciones!K$14-1))+6),11))=0,0,MAX(0,NETWORKDAYS.INTL(MAX(E11,(Reprogramaciones!$T$15+7*(Reprogramaciones!K$14-1))),MIN(F11,Reprogramaciones!K$13),11))/MAX(0,NETWORKDAYS.INTL(MAX(E11,(Reprogramaciones!$T$15+7*(Reprogramaciones!K$14-1))),MIN(F11,(Reprogramaciones!$T$15+7*(Reprogramaciones!K$14-1))+6),11)))))))) -> 100 | BU11: =IF(OR(NOT(AND(ISNUMBER(E11),ISNUMBER(F11))),$J$2=""),"",IF(Reprogramaciones!L$13<Reprogramaciones!$T$15,0,IF(Reprogramaciones!L$14>10,MIN(100,SUM($G11:$P11)),MIN(100,SUMPRODUCT((COLUMN($G11:$P11)-COLUMN($G11)+1<Reprogramaciones!L$14)*$G11:$P11)+N(INDEX($G11:$P11,1,Reprogramaciones!L$14))*IF(Reprogramaciones!L$13>=(Reprogramaciones!$T$15+7*(Reprogramaciones!L$14-1))+6,1,IF(MAX(0,NETWORKDAYS.INTL(MAX(E11,(Reprogramaciones!$T$15+7*(Reprogramaciones!L$14-1))),MIN(F11,(Reprogramaciones!$T$15+7*(Reprogramaciones!L$14-1))+6),11))=0,0,MAX(0,NETWORKDAYS.INTL(MAX(E11,(Reprogramaciones!$T$15+7*(Reprogramaciones!L$14-1))),MIN(F11,Reprogramaciones!L$13),11))/MAX(0,NETWORKDAYS.INTL(MAX(E11,(Reprogramaciones!$T$15+7*(Reprogramaciones!L$14-1))),MIN(F11,(Reprogramaciones!$T$15+7*(Reprogramaciones!L$14-1))+6),11)))))))) -> 100 | BV11: =IF(OR(NOT(AND(ISNUMBER(E11),ISNUMBER(F11))),$J$2=""),"",IF(Reprogramaciones!M$13<Reprogramaciones!$T$15,0,IF(Reprogramaciones!M$14>10,MIN(100,SUM($G11:$P11)),MIN(100,SUMPRODUCT((COLUMN($G11:$P11)-COLUMN($G11)+1<Reprogramaciones!M$14)*$G11:$P11)+N(INDEX($G11:$P11,1,Reprogramaciones!M$14))*IF(Reprogramaciones!M$13>=(Reprogramaciones!$T$15+7*(Reprogramaciones!M$14-1))+6,1,IF(MAX(0,NETWORKDAYS.INTL(MAX(E11,(Reprogramaciones!$T$15+7*(Reprogramaciones!M$14-1))),MIN(F11,(Reprogramaciones!$T$15+7*(Reprogramaciones!M$14-1))+6),11))=0,0,MAX(0,NETWORKDAYS.INTL(MAX(E11,(Reprogramaciones!$T$15+7*(Reprogramaciones!M$14-1))),MIN(F11,Reprogramaciones!M$13),11))/MAX(0,NETWORKDAYS.INTL(MAX(E11,(Reprogramaciones!$T$15+7*(Reprogramaciones!M$14-1))),MIN(F11,(Reprogramaciones!$T$15+7*(Reprogramaciones!M$14-1))+6),11)))))))) -> 100 | BW11: =IF(OR(NOT(AND(ISNUMBER(E11),ISNUMBER(F11))),$J$2=""),"",IF(Reprogramaciones!N$13<Reprogramaciones!$T$15,0,IF(Reprogramaciones!N$14>10,MIN(100,SUM($G11:$P11)),MIN(100,SUMPRODUCT((COLUMN($G11:$P11)-COLUMN($G11)+1<Reprogramaciones!N$14)*$G11:$P11)+N(INDEX($G11:$P11,1,Reprogramaciones!N$14))*IF(Reprogramaciones!N$13>=(Reprogramaciones!$T$15+7*(Reprogramaciones!N$14-1))+6,1,IF(MAX(0,NETWORKDAYS.INTL(MAX(E11,(Reprogramaciones!$T$15+7*(Reprogramaciones!N$14-1))),MIN(F11,(Reprogramaciones!$T$15+7*(Reprogramaciones!N$14-1))+6),11))=0,0,MAX(0,NETWORKDAYS.INTL(MAX(E11,(Reprogramaciones!$T$15+7*(Reprogramaciones!N$14-1))),MIN(F11,Reprogramaciones!N$13),11))/MAX(0,NETWORKDAYS.INTL(MAX(E11,(Reprogramaciones!$T$15+7*(Reprogramaciones!N$14-1))),MIN(F11,(Reprogramaciones!$T$15+7*(Reprogramaciones!N$14-1))+6),11)))))))) -> 100 | BX11: =IF(OR(NOT(AND(ISNUMBER(E11),ISNUMBER(F11))),$J$2=""),"",IF(Reprogramaciones!O$13<Reprogramaciones!$T$15,0,IF(Reprogramaciones!O$14>10,MIN(100,SUM($G11:$P11)),MIN(100,SUMPRODUCT((COLUMN($G11:$P11)-COLUMN($G11)+1<Reprogramaciones!O$14)*$G11:$P11)+N(INDEX($G11:$P11,1,Reprogramaciones!O$14))*IF(Reprogramaciones!O$13>=(Reprogramaciones!$T$15+7*(Reprogramaciones!O$14-1))+6,1,IF(MAX(0,NETWORKDAYS.INTL(MAX(E11,(Reprogramaciones!$T$15+7*(Reprogramaciones!O$14-1))),MIN(F11,(Reprogramaciones!$T$15+7*(Reprogramaciones!O$14-1))+6),11))=0,0,MAX(0,NETWORKDAYS.INTL(MAX(E11,(Reprogramaciones!$T$15+7*(Reprogramaciones!O$14-1))),MIN(F11,Reprogramaciones!O$13),11))/MAX(0,NETWORKDAYS.INTL(MAX(E11,(Reprogramaciones!$T$15+7*(Reprogramaciones!O$14-1))),MIN(F11,(Reprogramaciones!$T$15+7*(Reprogramaciones!O$14-1))+6),11)))))))) -> 100 | BY11: =IF(OR(NOT(AND(ISNUMBER(E11),ISNUMBER(F11))),$J$2=""),"",IF(Reprogramaciones!P$13<Reprogramaciones!$T$15,0,IF(Reprogramaciones!P$14>10,MIN(100,SUM($G11:$P11)),MIN(100,SUMPRODUCT((COLUMN($G11:$P11)-COLUMN($G11)+1<Reprogramaciones!P$14)*$G11:$P11)+N(INDEX($G11:$P11,1,Reprogramaciones!P$14))*IF(Reprogramaciones!P$13>=(Reprogramaciones!$T$15+7*(Reprogramaciones!P$14-1))+6,1,IF(MAX(0,NETWORKDAYS.INTL(MAX(E11,(Reprogramaciones!$T$15+7*(Reprogramaciones!P$14-1))),MIN(F11,(Reprogramaciones!$T$15+7*(Reprogramaciones!P$14-1))+6),11))=0,0,MAX(0,NETWORKDAYS.INTL(MAX(E11,(Reprogramaciones!$T$15+7*(Reprogramaciones!P$14-1))),MIN(F11,Reprogramaciones!P$13),11))/MAX(0,NETWORKDAYS.INTL(MAX(E11,(Reprogramaciones!$T$15+7*(Reprogramaciones!P$14-1))),MIN(F11,(Reprogramaciones!$T$15+7*(Reprogramaciones!P$14-1))+6),11)))))))) -> 100 | BZ11: =IF(OR(NOT(AND(ISNUMBER(E11),ISNUMBER(F11))),$J$2=""),"",IF(Reprogramaciones!Q$13<Reprogramaciones!$T$15,0,IF(Reprogramaciones!Q$14>10,MIN(100,SUM($G11:$P11)),MIN(100,SUMPRODUCT((COLUMN($G11:$P11)-COLUMN($G11)+1<Reprogramaciones!Q$14)*$G11:$P11)+N(INDEX($G11:$P11,1,Reprogramaciones!Q$14))*IF(Reprogramaciones!Q$13>=(Reprogramaciones!$T$15+7*(Reprogramaciones!Q$14-1))+6,1,IF(MAX(0,NETWORKDAYS.INTL(MAX(E11,(Reprogramaciones!$T$15+7*(Reprogramaciones!Q$14-1))),MIN(F11,(Reprogramaciones!$T$15+7*(Reprogramaciones!Q$14-1))+6),11))=0,0,MAX(0,NETWORKDAYS.INTL(MAX(E11,(Reprogramaciones!$T$15+7*(Reprogramaciones!Q$14-1))),MIN(F11,Reprogramaciones!Q$13),11))/MAX(0,NETWORKDAYS.INTL(MAX(E11,(Reprogramaciones!$T$15+7*(Reprogramaciones!Q$14-1))),MIN(F11,(Reprogramaciones!$T$15+7*(Reprogramaciones!Q$14-1))+6),11)))))))) -> 100 | CA11: =IF(OR(NOT(AND(ISNUMBER(E11),ISNUMBER(F11))),$J$2=""),"",IF(Reprogramaciones!R$13<Reprogramaciones!$T$15,0,IF(Reprogramaciones!R$14>10,MIN(100,SUM($G11:$P11)),MIN(100,SUMPRODUCT((COLUMN($G11:$P11)-COLUMN($G11)+1<Reprogramaciones!R$14)*$G11:$P11)+N(INDEX($G11:$P11,1,Reprogramaciones!R$14))*IF(Reprogramaciones!R$13>=(Reprogramaciones!$T$15+7*(Reprogramaciones!R$14-1))+6,1,IF(MAX(0,NETWORKDAYS.INTL(MAX(E11,(Reprogramaciones!$T$15+7*(Reprogramaciones!R$14-1))),MIN(F11,(Reprogramaciones!$T$15+7*(Reprogramaciones!R$14-1))+6),11))=0,0,MAX(0,NETWORKDAYS.INTL(MAX(E11,(Reprogramaciones!$T$15+7*(Reprogramaciones!R$14-1))),MIN(F11,Reprogramaciones!R$13),11))/MAX(0,NETWORKDAYS.INTL(MAX(E11,(Reprogramaciones!$T$15+7*(Reprogramaciones!R$14-1))),MIN(F11,(Reprogramaciones!$T$15+7*(Reprogramaciones!R$14-1))+6),11)))))))) -> 100 | CB11: =IF(OR(NOT(AND(ISNUMBER(E11),ISNUMBER(F11))),$J$2=""),"",IF(Reprogramaciones!S$13<Reprogramaciones!$T$15,0,IF(Reprogramaciones!S$14>10,MIN(100,SUM($G11:$P11)),MIN(100,SUMPRODUCT((COLUMN($G11:$P11)-COLUMN($G11)+1<Reprogramaciones!S$14)*$G11:$P11)+N(INDEX($G11:$P11,1,Reprogramaciones!S$14))*IF(Reprogramaciones!S$13>=(Reprogramaciones!$T$15+7*(Reprogramaciones!S$14-1))+6,1,IF(MAX(0,NETWORKDAYS.INTL(MAX(E11,(Reprogramaciones!$T$15+7*(Reprogramaciones!S$14-1))),MIN(F11,(Reprogramaciones!$T$15+7*(Reprogramaciones!S$14-1))+6),11))=0,0,MAX(0,NETWORKDAYS.INTL(MAX(E11,(Reprogramaciones!$T$15+7*(Reprogramaciones!S$14-1))),MIN(F11,Reprogramaciones!S$13),11))/MAX(0,NETWORKDAYS.INTL(MAX(E11,(Reprogramaciones!$T$15+7*(Reprogramaciones!S$14-1))),MIN(F11,(Reprogramaciones!$T$15+7*(Reprogramaciones!S$14-1))+6),11)))))))) -> 100 | CC11: =IF(OR(NOT(AND(ISNUMBER(E11),ISNUMBER(F11))),$J$2=""),"",IF(Reprogramaciones!T$13<Reprogramaciones!$T$15,0,IF(Reprogramaciones!T$14>10,MIN(100,SUM($G11:$P11)),MIN(100,SUMPRODUCT((COLUMN($G11:$P11)-COLUMN($G11)+1<Reprogramaciones!T$14)*$G11:$P11)+N(INDEX($G11:$P11,1,Reprogramaciones!T$14))*IF(Reprogramaciones!T$13>=(Reprogramaciones!$T$15+7*(Reprogramaciones!T$14-1))+6,1,IF(MAX(0,NETWORKDAYS.INTL(MAX(E11,(Reprogramaciones!$T$15+7*(Reprogramaciones!T$14-1))),MIN(F11,(Reprogramaciones!$T$15+7*(Reprogramaciones!T$14-1))+6),11))=0,0,MAX(0,NETWORKDAYS.INTL(MAX(E11,(Reprogramaciones!$T$15+7*(Reprogramaciones!T$14-1))),MIN(F11,Reprogramaciones!T$13),11))/MAX(0,NETWORKDAYS.INTL(MAX(E11,(Reprogramaciones!$T$15+7*(Reprogramaciones!T$14-1))),MIN(F11,(Reprogramaciones!$T$15+7*(Reprogramaciones!T$14-1))+6),11)))))))) -> 100 | CD11: =IF(OR(NOT(AND(ISNUMBER(E11),ISNUMBER(F11))),$J$2=""),"",IF(Reprogramaciones!U$13<Reprogramaciones!$T$15,0,IF(Reprogramaciones!U$14>10,MIN(100,SUM($G11:$P11)),MIN(100,SUMPRODUCT((COLUMN($G11:$P11)-COLUMN($G11)+1<Reprogramaciones!U$14)*$G11:$P11)+N(INDEX($G11:$P11,1,Reprogramaciones!U$14))*IF(Reprogramaciones!U$13>=(Reprogramaciones!$T$15+7*(Reprogramaciones!U$14-1))+6,1,IF(MAX(0,NETWORKDAYS.INTL(MAX(E11,(Reprogramaciones!$T$15+7*(Reprogramaciones!U$14-1))),MIN(F11,(Reprogramaciones!$T$15+7*(Reprogramaciones!U$14-1))+6),11))=0,0,MAX(0,NETWORKDAYS.INTL(MAX(E11,(Reprogramaciones!$T$15+7*(Reprogramaciones!U$14-1))),MIN(F11,Reprogramaciones!U$13),11))/MAX(0,NETWORKDAYS.INTL(MAX(E11,(Reprogramaciones!$T$15+7*(Reprogramaciones!U$14-1))),MIN(F11,(Reprogramaciones!$T$15+7*(Reprogramaciones!U$14-1))+6),11)))))))) -> 100 | CE11: =IF(OR(NOT(AND(ISNUMBER(E11),ISNUMBER(F11))),$J$2=""),"",IF(Reprogramaciones!V$13<Reprogramaciones!$T$15,0,IF(Reprogramaciones!V$14>10,MIN(100,SUM($G11:$P11)),MIN(100,SUMPRODUCT((COLUMN($G11:$P11)-COLUMN($G11)+1<Reprogramaciones!V$14)*$G11:$P11)+N(INDEX($G11:$P11,1,Reprogramaciones!V$14))*IF(Reprogramaciones!V$13>=(Reprogramaciones!$T$15+7*(Reprogramaciones!V$14-1))+6,1,IF(MAX(0,NETWORKDAYS.INTL(MAX(E11,(Reprogramaciones!$T$15+7*(Reprogramaciones!V$14-1))),MIN(F11,(Reprogramaciones!$T$15+7*(Reprogramaciones!V$14-1))+6),11))=0,0,MAX(0,NETWORKDAYS.INTL(MAX(E11,(Reprogramaciones!$T$15+7*(Reprogramaciones!V$14-1))),MIN(F11,Reprogramaciones!V$13),11))/MAX(0,NETWORKDAYS.INTL(MAX(E11,(Reprogramaciones!$T$15+7*(Reprogramaciones!V$14-1))),MIN(F11,(Reprogramaciones!$T$15+7*(Reprogramaciones!V$14-1))+6),11)))))))) -> 100 | CF11: =IF(OR(NOT(AND(ISNUMBER(E11),ISNUMBER(F11))),$J$2=""),"",IF(Reprogramaciones!W$13<Reprogramaciones!$T$15,0,IF(Reprogramaciones!W$14>10,MIN(100,SUM($G11:$P11)),MIN(100,SUMPRODUCT((COLUMN($G11:$P11)-COLUMN($G11)+1<Reprogramaciones!W$14)*$G11:$P11)+N(INDEX($G11:$P11,1,Reprogramaciones!W$14))*IF(Reprogramaciones!W$13>=(Reprogramaciones!$T$15+7*(Reprogramaciones!W$14-1))+6,1,IF(MAX(0,NETWORKDAYS.INTL(MAX(E11,(Reprogramaciones!$T$15+7*(Reprogramaciones!W$14-1))),MIN(F11,(Reprogramaciones!$T$15+7*(Reprogramaciones!W$14-1))+6),11))=0,0,MAX(0,NETWORKDAYS.INTL(MAX(E11,(Reprogramaciones!$T$15+7*(Reprogramaciones!W$14-1))),MIN(F11,Reprogramaciones!W$13),11))/MAX(0,NETWORKDAYS.INTL(MAX(E11,(Reprogramaciones!$T$15+7*(Reprogramaciones!W$14-1))),MIN(F11,(Reprogramaciones!$T$15+7*(Reprogramaciones!W$14-1))+6),11)))))))) -> 100 | CG11: =IF(OR(NOT(AND(ISNUMBER(E11),ISNUMBER(F11))),$J$2=""),"",IF(Reprogramaciones!X$13<Reprogramaciones!$T$15,0,IF(Reprogramaciones!X$14>10,MIN(100,SUM($G11:$P11)),MIN(100,SUMPRODUCT((COLUMN($G11:$P11)-COLUMN($G11)+1<Reprogramaciones!X$14)*$G11:$P11)+N(INDEX($G11:$P11,1,Reprogramaciones!X$14))*IF(Reprogramaciones!X$13>=(Reprogramaciones!$T$15+7*(Reprogramaciones!X$14-1))+6,1,IF(MAX(0,NETWORKDAYS.INTL(MAX(E11,(Reprogramaciones!$T$15+7*(Reprogramaciones!X$14-1))),MIN(F11,(Reprogramaciones!$T$15+7*(Reprogramaciones!X$14-1))+6),11))=0,0,MAX(0,NETWORKDAYS.INTL(MAX(E11,(Reprogramaciones!$T$15+7*(Reprogramaciones!X$14-1))),MIN(F11,Reprogramaciones!X$13),11))/MAX(0,NETWORKDAYS.INTL(MAX(E11,(Reprogramaciones!$T$15+7*(Reprogramaciones!X$14-1))),MIN(F11,(Reprogramaciones!$T$15+7*(Reprogramaciones!X$14-1))+6),11)))))))) -> 100 | CH11: =IF(OR(NOT(AND(ISNUMBER(E11),ISNUMBER(F11))),$J$2=""),"",IF(Reprogramaciones!Y$13<Reprogramaciones!$T$15,0,IF(Reprogramaciones!Y$14>10,MIN(100,SUM($G11:$P11)),MIN(100,SUMPRODUCT((COLUMN($G11:$P11)-COLUMN($G11)+1<Reprogramaciones!Y$14)*$G11:$P11)+N(INDEX($G11:$P11,1,Reprogramaciones!Y$14))*IF(Reprogramaciones!Y$13>=(Reprogramaciones!$T$15+7*(Reprogramaciones!Y$14-1))+6,1,IF(MAX(0,NETWORKDAYS.INTL(MAX(E11,(Reprogramaciones!$T$15+7*(Reprogramaciones!Y$14-1))),MIN(F11,(Reprogramaciones!$T$15+7*(Reprogramaciones!Y$14-1))+6),11))=0,0,MAX(0,NETWORKDAYS.INTL(MAX(E11,(Reprogramaciones!$T$15+7*(Reprogramaciones!Y$14-1))),MIN(F11,Reprogramaciones!Y$13),11))/MAX(0,NETWORKDAYS.INTL(MAX(E11,(Reprogramaciones!$T$15+7*(Reprogramaciones!Y$14-1))),MIN(F11,(Reprogramaciones!$T$15+7*(Reprogramaciones!Y$14-1))+6),11)))))))) -> 100 | CI11: =IF(OR(NOT(AND(ISNUMBER(E11),ISNUMBER(F11))),$J$2=""),"",IF(Reprogramaciones!Z$13<Reprogramaciones!$T$15,0,IF(Reprogramaciones!Z$14>10,MIN(100,SUM($G11:$P11)),MIN(100,SUMPRODUCT((COLUMN($G11:$P11)-COLUMN($G11)+1<Reprogramaciones!Z$14)*$G11:$P11)+N(INDEX($G11:$P11,1,Reprogramaciones!Z$14))*IF(Reprogramaciones!Z$13>=(Reprogramaciones!$T$15+7*(Reprogramaciones!Z$14-1))+6,1,IF(MAX(0,NETWORKDAYS.INTL(MAX(E11,(Reprogramaciones!$T$15+7*(Reprogramaciones!Z$14-1))),MIN(F11,(Reprogramaciones!$T$15+7*(Reprogramaciones!Z$14-1))+6),11))=0,0,MAX(0,NETWORKDAYS.INTL(MAX(E11,(Reprogramaciones!$T$15+7*(Reprogramaciones!Z$14-1))),MIN(F11,Reprogramaciones!Z$13),11))/MAX(0,NETWORKDAYS.INTL(MAX(E11,(Reprogramaciones!$T$15+7*(Reprogramaciones!Z$14-1))),MIN(F11,(Reprogramaciones!$T$15+7*(Reprogramaciones!Z$14-1))+6),11)))))))) -> 100 | CJ11: =IF(OR(OR(NOT(AND(ISNUMBER(E11),ISNUMBER(F11))),$J$2=""),1>Reprogramaciones!$K$16),"",IF(ROUND(SUM($Q11:Q11),1)>=99.5,100,MIN(100,ROUND(SUM($Q11:Q11),1)))) -> 100 | CK11: =IF(OR(OR(NOT(AND(ISNUMBER(E11),ISNUMBER(F11))),$J$2=""),2>Reprogramaciones!$K$16),"",IF(ROUND(SUM($Q11:R11),1)>=99.5,100,MIN(100,ROUND(SUM($Q11:R11),1)))) -> 100 | CL11: =IF(OR(OR(NOT(AND(ISNUMBER(E11),ISNUMBER(F11))),$J$2=""),3>Reprogramaciones!$K$16),"",IF(ROUND(SUM($Q11:S11),1)>=99.5,100,MIN(100,ROUND(SUM($Q11:S11),1)))) -> 100 | CM11: =IF(OR(OR(NOT(AND(ISNUMBER(E11),ISNUMBER(F11))),$J$2=""),4>Reprogramaciones!$K$16),"",IF(ROUND(SUM($Q11:T11),1)>=99.5,100,MIN(100,ROUND(SUM($Q11:T11),1)))) -> 100 | CN11: =IF(OR(OR(NOT(AND(ISNUMBER(E11),ISNUMBER(F11))),$J$2=""),5>Reprogramaciones!$K$16),"",IF(ROUND(SUM($Q11:U11),1)>=99.5,100,MIN(100,ROUND(SUM($Q11:U11),1)))) -> 100 | CO11: =IF(OR(OR(NOT(AND(ISNUMBER(E11),ISNUMBER(F11))),$J$2=""),6>Reprogramaciones!$K$16),"",IF(ROUND(SUM($Q11:V11),1)>=99.5,100,MIN(100,ROUND(SUM($Q11:V11),1)))) | CP11: =IF(OR(OR(NOT(AND(ISNUMBER(E11),ISNUMBER(F11))),$J$2=""),7>Reprogramaciones!$K$16),"",IF(ROUND(SUM($Q11:W11),1)>=99.5,100,MIN(100,ROUND(SUM($Q11:W11),1)))) | CQ11: =IF(OR(OR(NOT(AND(ISNUMBER(E11),ISNUMBER(F11))),$J$2=""),8>Reprogramaciones!$K$16),"",IF(ROUND(SUM($Q11:X11),1)>=99.5,100,MIN(100,ROUND(SUM($Q11:X11),1)))) | CR11: =IF(OR(OR(NOT(AND(ISNUMBER(E11),ISNUMBER(F11))),$J$2=""),9>Reprogramaciones!$K$16),"",IF(ROUND(SUM($Q11:Y11),1)>=99.5,100,MIN(100,ROUND(SUM($Q11:Y11),1)))) | CS11: =IF(OR(OR(NOT(AND(ISNUMBER(E11),ISNUMBER(F11))),$J$2=""),10>Reprogramaciones!$K$16),"",IF(ROUND(SUM($Q11:Z11),1)>=99.5,100,MIN(100,ROUND(SUM($Q11:Z11),1)))) | CT11: =IF(OR(OR(NOT(AND(ISNUMBER(E11),ISNUMBER(F11))),$J$2=""),11>Reprogramaciones!$K$16),"",IF(ROUND(SUM($Q11:AA11),1)>=99.5,100,MIN(100,ROUND(SUM($Q11:AA11),1)))) | CU11: =IF(OR(OR(NOT(AND(ISNUMBER(E11),ISNUMBER(F11))),$J$2=""),12>Reprogramaciones!$K$16),"",IF(ROUND(SUM($Q11:AB11),1)>=99.5,100,MIN(100,ROUND(SUM($Q11:AB11),1)))) | CV11: =IF(OR(OR(NOT(AND(ISNUMBER(E11),ISNUMBER(F11))),$J$2=""),13>Reprogramaciones!$K$16),"",IF(ROUND(SUM($Q11:AC11),1)>=99.5,100,MIN(100,ROUND(SUM($Q11:AC11),1)))) | CW11: =IF(OR(OR(NOT(AND(ISNUMBER(E11),ISNUMBER(F11))),$J$2=""),14>Reprogramaciones!$K$16),"",IF(ROUND(SUM($Q11:AD11),1)>=99.5,100,MIN(100,ROUND(SUM($Q11:AD11),1)))) | CX11: =IF(OR(OR(NOT(AND(ISNUMBER(E11),ISNUMBER(F11))),$J$2=""),15>Reprogramaciones!$K$16),"",IF(ROUND(SUM($Q11:AE11),1)>=99.5,100,MIN(100,ROUND(SUM($Q11:AE11),1)))) | CY11: =IF(OR(OR(NOT(AND(ISNUMBER(E11),ISNUMBER(F11))),$J$2=""),16>Reprogramaciones!$K$16),"",IF(ROUND(SUM($Q11:AF11),1)>=99.5,100,MIN(100,ROUND(SUM($Q11:AF11),1)))) | CZ11: =IF(D11<>"",D11,IF(B11<>"","Contractual",CZ10)) -> Contractual | DA11: =IF(OR(NOT(AND(ISNUMBER(E11),ISNUMBER(F11))),$J$2=""),"",IF(Reprogramaciones!$Q$15<Reprogramaciones!$T$15,0,IF(Reprogramaciones!$S$15>10,MIN(100,SUM($G11:$P11)),MIN(100,SUMPRODUCT((COLUMN($G11:$P11)-COLUMN($G11)+1<Reprogramaciones!$S$15)*$G11:$P11)+N(INDEX($G11:$P11,1,Reprogramaciones!$S$15))*IF(Reprogramaciones!$Q$15>=(Reprogramaciones!$T$15+7*(Reprogramaciones!$S$15-1))+6,1,IF(MAX(0,NETWORKDAYS.INTL(MAX(E11,(Reprogramaciones!$T$15+7*(Reprogramaciones!$S$15-1))),MIN(F11,(Reprogramaciones!$T$15+7*(Reprogramaciones!$S$15-1))+6),11))=0,0,MAX(0,NETWORKDAYS.INTL(MAX(E11,(Reprogramaciones!$T$15+7*(Reprogramaciones!$S$15-1))),MIN(F11,Reprogramaciones!$Q$15),11))/MAX(0,NETWORKDAYS.INTL(MAX(E11,(Reprogramaciones!$T$15+7*(Reprogramaciones!$S$15-1))),MIN(F11,(Reprogramaciones!$T$15+7*(Reprogramaciones!$S$15-1))+6),11)))))))) -> 100
